Transaction ID,Amount,Timestamp,Description,Transaction Type,Account Number
TXN00001,-87.18,2024-05-16 07:22:18.808433,Municipal Tax Payment,debit,NLINGB1944573686
TXN00002,-269.85,2023-09-03 10:54:45.808433,PayPal Transfer,debit,NLABNA3263982552
TXN00003,-40.28,2024-03-16 23:43:41.808433,Rent Payment,credit,NLINGB3068192988
TXN00004,473.45,2023-12-01 07:14:22.808433,Payment to Rabobank,debit,NLINGB8559012158
TXN00005,170.68,2024-01-03 14:08:30.808433,Tax Refund,debit,NLABNA1588199536
TXN00006,238.92,2023-12-30 20:49:08.808433,NS Train Ticket,credit,NLABNA1349001104
TXN00007,-172.07,2023-10-23 12:38:47.808433,Tax Refund,debit,NLINGB5074285515
TXN00008,484.88,2024-02-09 22:07:41.808433,iDEAL Payment,credit,NLABNA2697505741
TXN00009,-161.04,2023-10-23 22:17:57.808433,Bol.com Purchase,debit,NLRABO9631379247
TXN00010,489.98,2024-08-15 09:56:48.808433,NS Train Ticket,credit,NLINGB8859765144
TXN00011,115.87,2024-03-30 18:00:02.808433,Rent Payment,credit,NLRABO9612344903
TXN00012,170.77,2024-05-26 06:53:57.808433,PayPal Transfer,credit,NLRABO3803613765
TXN00013,42.6,2024-02-03 16:29:37.808433,Eneco Energy Bill,debit,NLRABO5127825843
TXN00014,-177.43,2024-01-20 19:55:06.808433,Eneco Energy Bill,credit,NLINGB5344753784
TXN00015,82.17,2024-05-26 05:11:11.808433,Eneco Energy Bill,debit,NLRABO6716201390
TXN00016,-440.68,2024-05-04 09:51:29.808433,NS Train Ticket,credit,NLRABO4117567688
TXN00017,327.79,2024-03-02 15:55:14.808433,PayPal Transfer,credit,NLABNA2040329838
TXN00018,171.85,2024-06-09 10:25:23.808433,Geldmaat ATM Withdrawal,debit,NLRABO5882170657
TXN00019,332.48,2023-12-14 08:46:09.808433,Transfer to ING Account,credit,NLRABO5985724564
TXN00020,198.79,2024-06-17 01:40:59.808433,Payment to Rabobank,debit,NLINGB1980594138
TXN00021,317.62,2024-02-14 03:44:26.808433,Albert Heijn Purchase,credit,NLABNA9387277578
TXN00022,213.16,2024-07-27 07:53:51.808433,Geldmaat ATM Withdrawal,debit,NLINGB9367195099
TXN00023,-184.03,2023-09-23 11:16:13.808433,Tax Refund,debit,NLRABO8265208417
TXN00024,-373.08,2024-06-22 11:38:41.808433,Payment to Rabobank,debit,NLRABO5319633260
TXN00025,240.54,2023-12-09 04:00:50.808433,Payment to Ziggo,credit,NLABNA6630568789
TXN00026,-15.84,2023-09-20 18:30:55.808433,NS Train Ticket,debit,NLABNA1751120131
TXN00027,385.66,2024-05-21 10:41:37.808433,NS Train Ticket,credit,NLRABO6767004538
TXN00028,-394.89,2024-05-23 18:33:12.808433,iDEAL Payment,credit,NLABNA1493079609
TXN00029,-26.07,2024-04-10 13:14:26.808433,NS Train Ticket,credit,NLRABO8359362301
TXN00030,-309.34,2023-09-17 00:54:09.808433,Payment to Credit Card,debit,NLABNA4738030239
TXN00031,-76.62,2023-11-10 23:44:01.808433,Payment to Credit Card,credit,NLINGB3918267859
TXN00032,-99.16,2023-09-08 09:45:29.808433,Municipal Tax Payment,credit,NLINGB7864171189
TXN00033,498.0,2023-10-13 22:59:11.808433,Municipal Tax Payment,debit,NLABNA5228049984
TXN00034,-30.36,2023-12-15 13:29:25.808433,Geldmaat ATM Withdrawal,debit,NLABNA2087427111
TXN00035,419.52,2023-12-31 10:12:01.808433,NS Train Ticket,credit,NLINGB9626495438
TXN00036,-216.0,2023-12-31 12:34:07.808433,Tax Refund,credit,NLABNA9323309654
TXN00037,-157.25,2024-05-06 15:45:04.808433,Car Lease Payment,debit,NLABNA7411873056
TXN00038,371.68,2024-07-24 17:48:24.808433,iDEAL Payment,debit,NLABNA2879546777
TXN00039,285.57,2023-10-01 13:55:52.808433,Bol.com Purchase,debit,NLABNA2899314069
TXN00040,289.76,2024-04-12 03:22:02.808433,Transfer to ING Account,debit,NLINGB5780169490
TXN00041,384.33,2023-09-19 21:45:15.808433,Bol.com Purchase,debit,NLABNA4564123900
TXN00042,-278.79,2023-12-13 12:30:26.808433,Car Lease Payment,debit,NLINGB4606000455
TXN00043,-57.29,2023-12-05 19:19:31.808433,T-Mobile Bill Payment,credit,NLRABO3257478395
TXN00044,122.38,2024-01-20 15:59:13.808433,Rent Payment,debit,NLINGB4900039616
TXN00045,331.17,2023-11-20 18:30:44.808433,Payment to Rabobank,debit,NLRABO8960387546
TXN00046,326.92,2024-01-02 21:19:38.808433,Bol.com Purchase,credit,NLRABO2144458641
TXN00047,-367.38,2024-04-12 14:16:29.808433,Netflix Subscription,credit,NLINGB8749516996
TXN00048,-210.23,2023-12-23 03:08:38.808433,PayPal Transfer,debit,NLRABO4116851404
TXN00049,-498.12,2024-08-01 00:45:38.808433,Bol.com Purchase,debit,NLABNA9581164520
TXN00050,-108.72,2023-11-07 22:19:04.808433,Car Lease Payment,debit,NLABNA9090942025
TXN00051,298.14,2024-03-01 22:55:18.808433,Transfer to ING Account,debit,NLRABO7572992043
TXN00052,301.37,2024-07-23 08:18:01.808433,Bol.com Purchase,credit,NLINGB7911294561
TXN00053,-176.01,2024-02-09 07:31:31.808433,Payment to Ziggo,debit,NLABNA3794053049
TXN00054,98.72,2023-09-11 20:56:09.808433,iDEAL Payment,credit,NLINGB8162416560
TXN00055,83.49,2023-12-12 22:54:08.808433,Tax Refund,debit,NLABNA3579884981
TXN00056,251.4,2024-07-13 22:24:51.808433,Transfer to ING Account,debit,NLINGB3519620290
TXN00057,-169.42,2023-12-05 19:03:28.808433,Tax Refund,debit,NLRABO2570409360
TXN00058,-423.49,2023-12-29 18:01:00.808433,Geldmaat ATM Withdrawal,debit,NLRABO4306770898
TXN00059,406.27,2023-12-04 10:42:26.808433,Salary from Employer,credit,NLABNA4718634162
TXN00060,-250.2,2023-12-16 20:24:20.808433,NS Train Ticket,credit,NLABNA2024466211
TXN00061,-13.23,2024-05-09 12:31:18.808433,iDEAL Payment,credit,NLINGB6321141186
TXN00062,421.71,2023-08-27 20:39:08.808433,PayPal Transfer,debit,NLINGB5160992659
TXN00063,456.37,2024-05-16 04:05:12.808433,Payment to Credit Card,credit,NLABNA4168458962
TXN00064,-240.57,2024-07-09 06:26:30.808433,Salary from Employer,debit,NLINGB3625581427
TXN00065,-150.23,2023-12-13 15:09:22.808433,AH Online Groceries,credit,NLABNA6942850112
TXN00066,-12.8,2024-08-22 04:32:51.808433,Payment to Credit Card,debit,NLABNA4351029349
TXN00067,-419.29,2024-02-20 07:40:51.808433,Transfer to ING Account,debit,NLABNA1451474809
TXN00068,225.13,2024-01-21 02:28:23.808433,T-Mobile Bill Payment,credit,NLABNA7020099865
TXN00069,419.98,2023-10-16 20:48:38.808433,Rent Payment,credit,NLRABO2240682781
TXN00070,472.32,2024-01-18 00:23:05.808433,Payment to Ziggo,credit,NLRABO3265125527
TXN00071,-381.69,2023-10-23 14:10:13.808433,Bol.com Purchase,debit,NLABNA1341480167
TXN00072,258.65,2024-05-25 17:32:24.808433,Payment to Credit Card,debit,NLABNA4049937457
TXN00073,-177.51,2024-08-12 05:08:28.808433,Payment to Rabobank,credit,NLRABO4060437704
TXN00074,-267.09,2024-06-15 16:42:30.808433,AH Online Groceries,debit,NLABNA5396833449
TXN00075,-417.6,2023-12-15 00:51:38.808433,Municipal Tax Payment,credit,NLINGB4090811152
TXN00076,351.19,2024-05-01 17:22:49.808433,T-Mobile Bill Payment,debit,NLINGB6202659969
TXN00077,-421.67,2023-12-22 01:55:53.808433,NS Train Ticket,debit,NLINGB9162722058
TXN00078,380.05,2023-10-03 12:36:19.808433,Rent Payment,credit,NLRABO2740254625
TXN00079,70.38,2024-06-11 03:33:07.808433,Car Lease Payment,debit,NLRABO1224228096
TXN00080,134.11,2024-04-15 10:53:23.808433,NS Train Ticket,debit,NLRABO3334786786
TXN00081,423.62,2023-09-03 09:23:52.808433,Albert Heijn Purchase,credit,NLRABO3374060848
TXN00082,-286.57,2024-06-26 02:14:02.808433,Geldmaat ATM Withdrawal,credit,NLRABO4957195752
TXN00083,-24.53,2024-07-02 03:24:28.808433,Tax Refund,debit,NLABNA5339801889
TXN00084,467.09,2024-06-14 22:19:15.808433,Transfer to ING Account,credit,NLABNA1032356151
TXN00085,-333.88,2023-10-08 16:19:53.808433,Bunq Transfer,debit,NLRABO9799575570
TXN00086,293.95,2023-12-23 16:14:25.808433,Albert Heijn Purchase,credit,NLABNA6687094826
TXN00087,-107.95,2024-06-06 12:45:25.808433,Bol.com Purchase,debit,NLRABO7733535247
TXN00088,-264.87,2024-01-10 08:03:25.808433,Albert Heijn Purchase,credit,NLABNA5980455729
TXN00089,241.28,2024-02-03 02:26:15.808433,Eneco Energy Bill,debit,NLRABO6307754193
TXN00090,358.94,2024-05-20 05:24:32.808433,Salary from Employer,credit,NLINGB8482080096
TXN00091,166.26,2024-07-06 12:37:17.808433,Municipal Tax Payment,debit,NLINGB4163621138
TXN00092,-4.38,2024-02-22 21:50:01.808433,Rent Payment,credit,NLABNA7365550137
TXN00093,346.27,2024-01-07 20:49:56.808433,Transfer to ING Account,debit,NLRABO7637407574
TXN00094,408.29,2023-09-03 04:54:20.808433,Albert Heijn Purchase,credit,NLRABO1794762062
TXN00095,-202.83,2023-09-18 04:04:02.808433,Rent Payment,credit,NLRABO7566688928
TXN00096,-278.09,2023-10-17 03:29:28.808433,Transfer to ING Account,debit,NLINGB5703185742
TXN00097,-210.05,2023-09-04 03:35:45.808433,Eneco Energy Bill,credit,NLABNA4818908787
TXN00098,478.41,2024-01-30 16:50:31.808433,Payment to Ziggo,debit,NLABNA7192681369
TXN00099,318.55,2024-01-04 02:14:17.808433,PayPal Transfer,debit,NLRABO3433982516
TXN00100,-397.05,2024-08-10 01:09:51.808433,Transfer to ING Account,credit,NLABNA4893975036
TXN00101,334.28,2024-06-29 20:57:58.808433,Payment to Ziggo,credit,NLABNA2326735679
TXN00102,391.36,2023-12-19 20:23:47.808433,Netflix Subscription,credit,NLINGB4545774021
TXN00103,-7.47,2024-05-28 08:55:35.808433,AH Online Groceries,credit,NLRABO3419734626
TXN00104,-292.08,2024-02-23 18:27:55.808433,Municipal Tax Payment,credit,NLABNA1603424128
TXN00105,-358.42,2024-06-09 10:18:37.808433,Car Lease Payment,credit,NLABNA8312157617
TXN00106,-360.52,2024-04-25 07:11:39.808433,Netflix Subscription,credit,NLINGB1724173190
TXN00107,-209.2,2023-11-02 06:55:54.808433,Bol.com Purchase,credit,NLABNA7909314988
TXN00108,-43.45,2023-09-09 07:04:40.808433,Municipal Tax Payment,credit,NLRABO2955341215
TXN00109,-158.88,2023-09-21 09:28:57.808433,iDEAL Payment,debit,NLINGB2207036791
TXN00110,63.32,2024-07-04 16:21:15.808433,Transfer to ING Account,debit,NLABNA9205960171
TXN00111,-271.84,2023-10-02 20:40:27.808433,Salary from Employer,credit,NLINGB6446716057
TXN00112,-447.21,2024-07-31 11:53:03.808433,Eneco Energy Bill,credit,NLRABO9328794709
TXN00113,-214.99,2023-10-18 08:38:55.808433,NS Train Ticket,credit,NLINGB1393393050
TXN00114,-78.69,2023-09-17 04:47:39.808433,Municipal Tax Payment,debit,NLINGB6612747330
TXN00115,396.77,2023-10-15 01:32:11.808433,Payment to Ziggo,debit,NLRABO8186544562
TXN00116,46.08,2023-08-25 03:36:42.808433,Salary from Employer,debit,NLABNA6221290250
TXN00117,0.57,2024-07-07 19:31:05.808433,Bunq Transfer,credit,NLABNA2789184396
TXN00118,172.32,2024-05-16 12:20:50.808433,Albert Heijn Purchase,debit,NLABNA6648744000
TXN00119,-405.24,2024-01-19 02:12:36.808433,Municipal Tax Payment,debit,NLINGB1753518732
TXN00120,363.29,2023-10-30 01:09:39.808433,Payment to Rabobank,debit,NLRABO7460343747
TXN00121,237.06,2024-01-04 21:39:50.808433,Salary from Employer,credit,NLINGB1518911311
TXN00122,-199.48,2023-12-07 15:40:59.808433,Payment to Ziggo,credit,NLABNA9005888404
TXN00123,-34.32,2024-03-10 09:10:24.808433,Albert Heijn Purchase,credit,NLINGB9774875596
TXN00124,166.58,2024-07-17 02:36:16.808433,Netflix Subscription,credit,NLABNA4363090858
TXN00125,483.36,2024-04-29 09:57:02.808433,Netflix Subscription,debit,NLINGB2703241992
TXN00126,-230.01,2024-01-24 10:08:42.808433,Salary from Employer,credit,NLINGB6364941817
TXN00127,116.15,2024-05-06 12:58:57.808433,Netflix Subscription,debit,NLRABO2843272211
TXN00128,204.03,2024-07-24 01:50:09.808433,Albert Heijn Purchase,credit,NLRABO2070316972
TXN00129,280.22,2023-10-10 21:32:34.808433,Geldmaat ATM Withdrawal,debit,NLABNA1490574928
TXN00130,-239.89,2023-12-12 13:34:05.808433,T-Mobile Bill Payment,debit,NLABNA2971876818
TXN00131,436.88,2023-10-21 05:58:22.808433,Geldmaat ATM Withdrawal,credit,NLRABO2223281357
TXN00132,332.01,2024-07-17 17:02:17.808433,Payment to Rabobank,credit,NLRABO9550799041
TXN00133,-252.81,2023-11-06 14:24:07.808433,NS Train Ticket,credit,NLRABO8591605359
TXN00134,265.08,2023-09-15 15:55:05.808433,NS Train Ticket,debit,NLRABO4231734955
TXN00135,347.15,2024-05-21 22:09:02.808433,PayPal Transfer,debit,NLABNA9679552852
TXN00136,377.33,2023-09-24 04:39:03.808433,Bunq Transfer,debit,NLRABO9624223765
TXN00137,390.96,2023-12-28 15:15:46.808433,Eneco Energy Bill,credit,NLABNA9889782277
TXN00138,253.5,2024-08-19 02:31:44.808433,Transfer to ING Account,credit,NLABNA1208234168
TXN00139,117.76,2024-03-21 09:03:41.808433,Tax Refund,credit,NLABNA9398736609
TXN00140,296.51,2024-08-16 12:40:36.808433,Geldmaat ATM Withdrawal,debit,NLINGB5574915422
TXN00141,179.61,2023-10-04 10:38:06.808433,Eneco Energy Bill,credit,NLABNA8277547795
TXN00142,-267.28,2024-02-29 17:32:42.808433,Bol.com Purchase,credit,NLINGB6458660500
TXN00143,-399.69,2024-08-20 17:14:27.808433,Payment to Ziggo,credit,NLABNA6655158260
TXN00144,494.58,2024-01-28 19:03:07.808433,Payment to Credit Card,credit,NLRABO5587963184
TXN00145,328.86,2024-06-03 20:51:28.808433,Payment to Credit Card,credit,NLRABO6841302130
TXN00146,168.16,2024-08-19 01:12:01.808433,T-Mobile Bill Payment,debit,NLABNA4764470285
TXN00147,-39.27,2024-03-28 23:02:42.808433,T-Mobile Bill Payment,credit,NLABNA8063358911
TXN00148,-295.52,2024-08-09 21:17:11.808433,Municipal Tax Payment,debit,NLRABO3139606453
TXN00149,-219.65,2024-01-23 20:53:58.808433,Payment to Ziggo,debit,NLINGB8282458563
TXN00150,242.91,2023-12-28 13:55:32.808433,Transfer to ING Account,credit,NLINGB8599110708
TXN00151,78.03,2024-04-08 15:23:41.808433,Bol.com Purchase,credit,NLRABO9398386059
TXN00152,-330.57,2024-03-27 07:39:27.808433,Bunq Transfer,credit,NLRABO5125599404
TXN00153,103.41,2023-11-29 03:09:41.808433,Transfer to ING Account,credit,NLINGB8615492465
TXN00154,-332.36,2023-12-09 16:15:24.808433,NS Train Ticket,debit,NLRABO8728972346
TXN00155,-68.68,2024-06-11 20:39:41.808433,Bol.com Purchase,credit,NLABNA3459049403
TXN00156,236.08,2024-01-20 02:04:18.808433,Bol.com Purchase,debit,NLRABO9912024278
TXN00157,-68.22,2023-11-29 21:34:30.808433,Car Lease Payment,credit,NLABNA4520916431
TXN00158,-286.84,2023-12-14 09:21:23.808433,Bunq Transfer,credit,NLINGB6784963410
TXN00159,-91.14,2024-01-22 08:47:33.808433,Payment to Ziggo,debit,NLABNA4539026578
TXN00160,-434.9,2024-08-11 23:58:25.808433,AH Online Groceries,credit,NLINGB1144286820
TXN00161,-119.95,2023-09-08 23:54:03.808433,Tax Refund,credit,NLRABO2907378793
TXN00162,411.64,2024-06-17 05:20:04.808433,AH Online Groceries,debit,NLRABO9723782617
TXN00163,214.15,2023-11-23 16:21:43.808433,Bol.com Purchase,debit,NLINGB1458417375
TXN00164,-94.24,2023-11-16 05:21:58.808433,Bol.com Purchase,debit,NLABNA2115985474
TXN00165,-472.04,2024-01-28 21:41:54.808433,Payment to Ziggo,debit,NLRABO3614662524
TXN00166,-18.07,2024-07-23 22:51:30.808433,Salary from Employer,credit,NLRABO7385454307
TXN00167,469.1,2024-01-21 20:25:45.808433,Albert Heijn Purchase,debit,NLRABO8374845584
TXN00168,232.99,2023-11-24 02:02:21.808433,Eneco Energy Bill,debit,NLRABO7125401347
TXN00169,-9.72,2024-07-10 20:54:56.808433,Payment to Ziggo,debit,NLINGB3711665374
TXN00170,-42.82,2024-05-05 22:43:27.808433,T-Mobile Bill Payment,debit,NLRABO5320358189
TXN00171,100.02,2024-07-05 18:42:42.808433,Tax Refund,credit,NLRABO3475686649
TXN00172,-83.44,2023-10-20 08:45:15.808433,Geldmaat ATM Withdrawal,debit,NLRABO3887753160
TXN00173,-20.22,2024-04-09 21:29:29.808433,Transfer to ING Account,debit,NLINGB3138733024
TXN00174,344.83,2024-05-02 04:14:52.808433,Car Lease Payment,debit,NLRABO2896374647
TXN00175,432.39,2024-04-20 02:02:26.808433,Eneco Energy Bill,debit,NLABNA3847064018
TXN00176,75.68,2024-07-29 14:54:14.808433,Payment to Rabobank,credit,NLINGB2740125162
TXN00177,76.53,2024-06-29 11:23:11.808433,PayPal Transfer,debit,NLINGB1987624585
TXN00178,-122.02,2024-03-17 12:06:08.808433,Rent Payment,credit,NLABNA7296928003
TXN00179,425.07,2024-06-13 02:11:25.808433,Tax Refund,debit,NLINGB5842315037
TXN00180,489.86,2023-10-20 01:55:31.808433,Bol.com Purchase,credit,NLRABO8859859680
TXN00181,-245.35,2024-02-26 08:06:59.808433,iDEAL Payment,debit,NLINGB8773030705
TXN00182,-75.37,2024-08-17 15:40:08.808433,Salary from Employer,credit,NLINGB4284588026
TXN00183,-409.97,2023-09-29 06:54:10.808433,Bol.com Purchase,credit,NLRABO1480786500
TXN00184,113.24,2024-05-18 22:00:56.808433,Municipal Tax Payment,credit,NLINGB8944846948
TXN00185,-21.5,2024-08-22 15:41:01.808433,Bunq Transfer,credit,NLRABO1703906119
TXN00186,-398.71,2024-03-02 15:11:05.808433,Geldmaat ATM Withdrawal,credit,NLRABO2155257785
TXN00187,472.25,2023-10-20 08:05:55.808433,Albert Heijn Purchase,credit,NLRABO9184402936
TXN00188,-137.45,2023-09-17 10:07:50.808433,Payment to Rabobank,credit,NLRABO6496296401
TXN00189,-340.96,2024-08-16 03:45:19.808433,iDEAL Payment,debit,NLRABO2439577101
TXN00190,-111.95,2024-05-02 03:29:25.808433,iDEAL Payment,debit,NLRABO7398203944
TXN00191,-5.08,2024-04-24 01:37:56.808433,Tax Refund,debit,NLABNA1303991985
TXN00192,-69.44,2024-02-14 05:21:08.808433,Tax Refund,credit,NLRABO9287814608
TXN00193,243.86,2024-01-11 18:09:00.808433,Municipal Tax Payment,debit,NLRABO7696425262
TXN00194,-351.35,2024-01-28 17:50:46.808433,T-Mobile Bill Payment,debit,NLRABO7596395471
TXN00195,-209.24,2023-11-21 07:45:00.808433,Bol.com Purchase,debit,NLABNA7116871420
TXN00196,240.55,2024-03-09 21:49:14.808433,Car Lease Payment,credit,NLABNA4815489013
TXN00197,232.89,2023-10-12 06:08:27.808433,Municipal Tax Payment,debit,NLABNA3454759806
TXN00198,196.89,2024-02-01 14:30:17.808433,Payment to Ziggo,credit,NLABNA5556566759
TXN00199,22.97,2024-01-03 00:56:22.808433,Municipal Tax Payment,credit,NLINGB1715277564
TXN00200,-23.43,2023-12-02 20:48:17.808433,Albert Heijn Purchase,debit,NLRABO5835461837
TXN00201,395.51,2024-05-16 01:10:41.808433,Car Lease Payment,debit,NLRABO8941706993
TXN00202,-195.75,2024-05-13 10:12:44.808433,PayPal Transfer,debit,NLINGB1679235653
TXN00203,-154.1,2023-08-31 14:40:42.808433,Salary from Employer,debit,NLRABO9257088213
TXN00204,457.48,2024-07-15 13:07:09.808433,Car Lease Payment,credit,NLINGB1023564723
TXN00205,179.8,2023-10-26 19:34:45.808433,Rent Payment,credit,NLRABO1405157895
TXN00206,328.07,2024-03-30 01:21:25.808433,Eneco Energy Bill,debit,NLABNA7494118246
TXN00207,215.23,2024-02-22 09:25:41.808433,Car Lease Payment,debit,NLINGB4809013274
TXN00208,-424.8,2024-01-27 05:39:51.808433,Netflix Subscription,debit,NLRABO4284807208
TXN00209,492.74,2023-10-26 05:36:02.808433,Car Lease Payment,credit,NLINGB5672694858
TXN00210,-329.84,2024-06-11 21:01:56.808433,AH Online Groceries,debit,NLINGB4693037399
TXN00211,309.19,2024-04-26 08:42:27.808433,Rent Payment,debit,NLRABO9752224386
TXN00212,-97.57,2024-04-27 16:46:53.808433,Bunq Transfer,debit,NLABNA7589791434
TXN00213,-372.18,2024-04-24 12:25:46.808433,Netflix Subscription,credit,NLABNA2783673264
TXN00214,295.57,2024-06-30 16:32:25.808433,Payment to Credit Card,debit,NLINGB8736274909
TXN00215,388.67,2024-08-09 13:02:06.808433,Netflix Subscription,debit,NLINGB9986560636
TXN00216,329.72,2024-04-20 15:55:00.808433,Tax Refund,credit,NLINGB8166947329
TXN00217,467.42,2023-11-21 17:33:03.808433,Tax Refund,debit,NLRABO3064378580
TXN00218,314.48,2024-03-15 13:48:59.808433,Car Lease Payment,debit,NLINGB7297336513
TXN00219,184.87,2024-02-11 22:32:30.808433,Car Lease Payment,credit,NLINGB1083545610
TXN00220,-287.36,2023-09-02 19:24:22.808433,Albert Heijn Purchase,debit,NLINGB3344907229
TXN00221,30.68,2023-09-06 16:45:11.808433,Payment to Ziggo,credit,NLINGB7644176757
TXN00222,116.7,2024-07-19 13:48:31.808433,Tax Refund,debit,NLRABO5812011461
TXN00223,-453.62,2023-12-27 19:48:56.808433,Tax Refund,credit,NLABNA8725989495
TXN00224,-274.46,2024-05-30 15:50:00.808433,NS Train Ticket,debit,NLRABO2744611213
TXN00225,398.21,2023-11-18 01:27:35.808433,Bunq Transfer,debit,NLABNA5194279914
TXN00226,55.15,2024-06-20 10:06:23.808433,Rent Payment,credit,NLINGB9170422062
TXN00227,342.94,2023-11-07 00:04:43.808433,Eneco Energy Bill,credit,NLINGB5506970302
TXN00228,-80.93,2023-11-05 03:48:46.808433,Eneco Energy Bill,credit,NLRABO3465819160
TXN00229,-353.13,2023-12-23 06:21:59.808433,PayPal Transfer,debit,NLINGB1182647769
TXN00230,32.48,2023-09-01 22:47:18.808433,Salary from Employer,debit,NLINGB7339295268
TXN00231,-180.41,2024-01-04 02:08:28.808433,Car Lease Payment,credit,NLRABO3934920377
TXN00232,-133.26,2024-07-31 14:34:59.808433,Salary from Employer,credit,NLRABO9075882336
TXN00233,-398.4,2023-11-27 07:22:36.808433,Car Lease Payment,debit,NLABNA5350410450
TXN00234,120.36,2024-05-25 15:54:13.808433,PayPal Transfer,debit,NLRABO3329547484
TXN00235,-165.19,2024-05-02 18:10:44.808433,Tax Refund,credit,NLRABO9570632549
TXN00236,-121.07,2024-02-11 00:08:41.808433,Salary from Employer,debit,NLINGB1718883064
TXN00237,440.61,2024-03-31 22:08:23.808433,PayPal Transfer,credit,NLABNA8674924869
TXN00238,-469.0,2024-06-29 19:07:11.808433,Albert Heijn Purchase,debit,NLINGB6278334156
TXN00239,-312.36,2023-09-29 06:59:47.808433,AH Online Groceries,credit,NLABNA9523649191
TXN00240,-443.71,2023-12-31 12:03:18.808433,Bol.com Purchase,credit,NLABNA8052514681
TXN00241,162.46,2024-07-28 21:40:25.808433,Geldmaat ATM Withdrawal,credit,NLRABO5851712906
TXN00242,-459.53,2023-09-17 06:49:33.808433,iDEAL Payment,credit,NLABNA9761034551
TXN00243,439.51,2024-04-02 09:28:42.808433,Tax Refund,debit,NLABNA4651041125
TXN00244,183.66,2024-07-14 12:07:24.808433,iDEAL Payment,debit,NLABNA5274540572
TXN00245,-284.18,2024-06-03 00:39:11.808433,Bol.com Purchase,debit,NLABNA7440483591
TXN00246,56.89,2024-07-10 03:13:39.808433,PayPal Transfer,credit,NLABNA8411217144
TXN00247,-125.15,2024-07-01 13:46:32.808433,Netflix Subscription,debit,NLINGB3231568962
TXN00248,346.37,2024-06-03 20:35:41.808433,PayPal Transfer,debit,NLRABO1826435727
TXN00249,-259.25,2023-12-29 23:35:05.808433,Bol.com Purchase,debit,NLABNA1406591631
TXN00250,300.77,2023-11-29 00:08:13.808433,Eneco Energy Bill,debit,NLINGB2826287249
TXN00251,-45.32,2024-03-26 09:43:26.808433,Transfer to ING Account,debit,NLRABO9247814303
TXN00252,-493.93,2024-04-29 19:26:23.808433,Payment to Rabobank,debit,NLABNA7161841315
TXN00253,-246.05,2024-03-08 22:25:00.808433,NS Train Ticket,credit,NLINGB5975732567
TXN00254,163.87,2023-09-17 15:38:48.808433,Payment to Ziggo,debit,NLABNA6399053907
TXN00255,-210.28,2024-08-16 21:24:44.808433,Car Lease Payment,debit,NLABNA7002798322
TXN00256,477.16,2023-12-09 21:31:14.808433,PayPal Transfer,debit,NLINGB1012431016
TXN00257,-215.84,2023-12-30 10:35:10.808433,T-Mobile Bill Payment,debit,NLINGB9940725232
TXN00258,-331.9,2024-06-16 01:42:08.808433,Bunq Transfer,debit,NLRABO4445511642
TXN00259,208.74,2023-12-19 06:57:02.808433,Rent Payment,credit,NLABNA3927201294
TXN00260,429.83,2024-02-06 01:05:56.808433,Payment to Credit Card,debit,NLRABO9466129753
TXN00261,-293.08,2023-11-02 04:12:47.808433,Municipal Tax Payment,credit,NLABNA6685399068
TXN00262,244.86,2024-02-18 21:05:18.808433,T-Mobile Bill Payment,debit,NLRABO8882185498
TXN00263,-141.52,2024-05-17 20:36:59.808433,T-Mobile Bill Payment,debit,NLABNA4038346741
TXN00264,-445.44,2024-05-09 00:17:13.808433,Transfer to ING Account,debit,NLRABO2936337255
TXN00265,-135.39,2023-11-08 00:21:06.808433,Salary from Employer,debit,NLABNA3071089048
TXN00266,177.68,2024-01-28 18:36:41.808433,Rent Payment,credit,NLINGB6673803320
TXN00267,125.26,2024-03-19 14:59:29.808433,Payment to Ziggo,debit,NLRABO9348089154
TXN00268,-442.95,2024-04-07 12:34:17.808433,Payment to Rabobank,debit,NLRABO1695723202
TXN00269,-190.15,2024-05-10 08:21:22.808433,Eneco Energy Bill,debit,NLRABO2416026025
TXN00270,413.2,2024-03-03 07:34:34.808433,Bol.com Purchase,debit,NLABNA7850328846
TXN00271,-114.11,2024-08-05 15:13:55.808433,Tax Refund,debit,NLABNA1714222123
TXN00272,-220.24,2023-12-23 15:43:38.808433,Payment to Credit Card,credit,NLRABO7339615761
TXN00273,-333.44,2024-04-25 06:40:17.808433,Tax Refund,debit,NLINGB6641515730
TXN00274,462.98,2024-07-21 01:26:32.808433,Rent Payment,debit,NLRABO8409474802
TXN00275,248.31,2024-06-07 17:00:07.808433,Payment to Credit Card,debit,NLABNA7851975879
TXN00276,-435.7,2023-10-17 16:08:38.808433,iDEAL Payment,debit,NLABNA7435422939
TXN00277,299.4,2024-07-06 04:46:35.808433,Bol.com Purchase,debit,NLRABO5293053571
TXN00278,-431.79,2023-09-30 19:17:33.808433,iDEAL Payment,credit,NLRABO3869921469
TXN00279,-254.68,2024-07-01 00:11:51.808433,Transfer to ING Account,debit,NLABNA1943217673
TXN00280,40.6,2024-03-20 23:59:27.808433,Netflix Subscription,credit,NLINGB9657447958
TXN00281,129.62,2024-01-08 18:25:39.808433,AH Online Groceries,debit,NLRABO9105294990
TXN00282,-397.55,2024-06-11 15:02:43.808433,Payment to Ziggo,debit,NLABNA3181185069
TXN00283,341.57,2024-01-24 03:45:21.808433,Transfer to ING Account,debit,NLINGB2944645750
TXN00284,-306.84,2024-05-25 05:58:12.808433,Payment to Ziggo,credit,NLRABO7261853058
TXN00285,224.58,2024-01-17 23:10:18.808433,Bunq Transfer,credit,NLRABO8152419581
TXN00286,418.05,2024-06-12 19:26:27.808433,Municipal Tax Payment,credit,NLRABO7033070948
TXN00287,-467.91,2023-09-02 03:20:39.808433,Municipal Tax Payment,debit,NLINGB7500260850
TXN00288,460.04,2023-11-16 10:42:08.808433,AH Online Groceries,credit,NLRABO9471728190
TXN00289,258.26,2024-07-27 05:13:23.808433,Bunq Transfer,credit,NLABNA4112466436
TXN00290,337.06,2023-10-27 02:49:27.808433,Rent Payment,credit,NLRABO6671077266
TXN00291,156.24,2024-03-12 15:59:56.808433,Bol.com Purchase,credit,NLINGB9347793056
TXN00292,469.27,2024-07-17 14:15:37.808433,Payment to Rabobank,debit,NLABNA8267793917
TXN00293,-484.01,2023-09-26 19:06:57.808433,T-Mobile Bill Payment,credit,NLABNA7879861470
TXN00294,-443.54,2023-11-21 08:53:10.808433,T-Mobile Bill Payment,credit,NLABNA4535528849
TXN00295,216.54,2024-03-24 09:04:04.808433,Tax Refund,debit,NLINGB8248742673
TXN00296,344.05,2024-01-18 07:04:45.808433,iDEAL Payment,credit,NLINGB5942450542
TXN00297,-209.44,2023-08-30 00:05:35.808433,iDEAL Payment,credit,NLABNA5058190370
TXN00298,218.21,2024-08-07 09:29:02.808433,NS Train Ticket,debit,NLRABO7729591298
TXN00299,399.85,2023-12-08 00:07:38.808433,Transfer to ING Account,debit,NLINGB2883448109
TXN00300,-41.47,2023-09-12 13:05:06.808433,Municipal Tax Payment,credit,NLABNA5876381271
TXN00301,294.59,2024-03-12 05:02:02.808433,Salary from Employer,debit,NLINGB4453216104
TXN00302,-292.5,2024-04-08 17:33:50.808433,Transfer to ING Account,credit,NLABNA1197842238
TXN00303,77.92,2023-11-18 05:59:04.808433,Car Lease Payment,debit,NLRABO3321017158
TXN00304,-472.38,2024-01-21 20:41:24.808433,Netflix Subscription,debit,NLRABO8917912470
TXN00305,449.9,2023-09-12 16:40:17.808433,Tax Refund,debit,NLABNA1432853682
TXN00306,191.95,2023-12-25 21:46:47.808433,Bol.com Purchase,debit,NLABNA7574913532
TXN00307,72.88,2024-07-24 15:35:44.808433,Tax Refund,debit,NLRABO2488902670
TXN00308,110.06,2023-11-23 08:19:57.808433,Netflix Subscription,credit,NLRABO3831978954
TXN00309,484.96,2024-05-13 18:35:54.808433,Payment to Ziggo,debit,NLINGB1172668516
TXN00310,435.45,2024-06-19 20:01:06.808433,iDEAL Payment,credit,NLABNA8312983416
TXN00311,-232.4,2024-04-29 20:10:49.808433,Tax Refund,debit,NLABNA3590817737
TXN00312,27.35,2024-06-19 09:08:08.808433,Salary from Employer,debit,NLINGB2210695006
TXN00313,-346.96,2024-01-20 11:21:47.808433,Albert Heijn Purchase,debit,NLINGB7584517488
TXN00314,-402.59,2023-12-21 00:13:16.808433,Municipal Tax Payment,debit,NLINGB2943873266
TXN00315,-423.44,2024-07-12 06:05:41.808433,Bol.com Purchase,debit,NLRABO9422694926
TXN00316,-312.38,2024-03-03 15:29:10.808433,T-Mobile Bill Payment,credit,NLINGB5755853979
TXN00317,329.52,2024-07-04 23:04:24.808433,Payment to Ziggo,credit,NLRABO7916835316
TXN00318,-172.95,2024-01-24 03:23:05.808433,Municipal Tax Payment,credit,NLABNA7178563457
TXN00319,-109.36,2024-02-25 01:27:47.808433,Transfer to ING Account,credit,NLINGB6493005459
TXN00320,234.88,2023-12-07 19:33:47.808433,Transfer to ING Account,debit,NLINGB3386449449
TXN00321,385.99,2023-12-10 13:47:38.808433,Rent Payment,debit,NLABNA6810281422
TXN00322,-261.04,2023-10-21 14:55:21.808433,Payment to Credit Card,credit,NLINGB6856686849
TXN00323,386.51,2024-08-03 13:37:38.808433,Car Lease Payment,credit,NLRABO2258753819
TXN00324,-486.42,2023-08-25 06:56:08.808433,Transfer to ING Account,debit,NLABNA2526026834
TXN00325,50.63,2024-07-25 18:35:25.808433,Salary from Employer,credit,NLINGB9382915393
TXN00326,-345.61,2024-02-21 21:20:40.808433,Municipal Tax Payment,credit,NLINGB4454637460
TXN00327,391.72,2024-05-23 16:33:03.808433,Payment to Rabobank,credit,NLABNA3932339662
TXN00328,-281.03,2023-11-16 01:58:31.808433,Bunq Transfer,debit,NLINGB9591047064
TXN00329,-236.96,2024-02-09 05:50:16.808433,Netflix Subscription,debit,NLABNA5785354942
TXN00330,496.7,2023-09-29 05:27:11.808433,Geldmaat ATM Withdrawal,credit,NLABNA1824271909
TXN00331,-189.74,2023-10-15 18:44:27.808433,AH Online Groceries,debit,NLABNA5252230341
TXN00332,-98.17,2024-06-13 21:04:03.808433,Car Lease Payment,credit,NLRABO9044456427
TXN00333,171.05,2023-11-07 07:27:58.808433,Bunq Transfer,credit,NLRABO5169033759
TXN00334,297.61,2023-11-30 03:55:46.808433,Tax Refund,debit,NLRABO8716816207
TXN00335,-300.36,2024-02-22 18:29:25.808433,PayPal Transfer,debit,NLRABO8734120343
TXN00336,-422.62,2024-01-19 18:25:59.808433,Municipal Tax Payment,credit,NLINGB5402061607
TXN00337,118.41,2023-08-28 10:54:35.808433,Tax Refund,credit,NLRABO3728776653
TXN00338,-353.67,2024-04-21 03:27:13.808433,PayPal Transfer,credit,NLINGB3633309043
TXN00339,69.52,2024-01-12 10:45:22.808433,Tax Refund,debit,NLINGB7218112311
TXN00340,157.05,2024-01-07 02:45:58.808433,AH Online Groceries,debit,NLRABO4535464903
TXN00341,-479.49,2024-07-24 19:15:13.808433,Payment to Credit Card,credit,NLRABO1838339541
TXN00342,-184.54,2024-01-15 17:39:48.808433,iDEAL Payment,debit,NLINGB4273541929
TXN00343,-84.58,2023-09-20 13:54:26.808433,Bol.com Purchase,debit,NLINGB7323853768
TXN00344,-356.4,2024-01-22 02:39:32.808433,Salary from Employer,debit,NLINGB9269103022
TXN00345,-382.43,2023-09-18 14:05:43.808433,NS Train Ticket,debit,NLRABO1252676623
TXN00346,-192.91,2023-09-13 10:56:38.808433,Bunq Transfer,debit,NLINGB9533929172
TXN00347,164.82,2024-04-27 02:47:13.808433,T-Mobile Bill Payment,credit,NLRABO9012637415
TXN00348,66.74,2023-09-07 16:12:02.808433,Geldmaat ATM Withdrawal,debit,NLABNA5839716555
TXN00349,-127.38,2024-07-22 02:36:57.808433,Payment to Ziggo,debit,NLINGB1692252876
TXN00350,374.0,2024-01-13 10:50:18.808433,Netflix Subscription,credit,NLABNA2281433618
TXN00351,-39.26,2023-09-13 06:27:49.808433,PayPal Transfer,credit,NLRABO2198610937
TXN00352,453.12,2024-08-09 22:54:19.808433,Bol.com Purchase,debit,NLINGB2455440775
TXN00353,79.74,2023-10-06 05:24:28.808433,Netflix Subscription,credit,NLINGB7148078339
TXN00354,103.88,2023-12-30 17:33:49.808433,iDEAL Payment,credit,NLINGB6081951027
TXN00355,-116.0,2024-04-08 00:46:31.808433,Payment to Rabobank,credit,NLRABO8578696158
TXN00356,193.47,2023-11-29 20:55:03.808433,T-Mobile Bill Payment,credit,NLABNA5123375413
TXN00357,166.53,2024-01-11 13:01:02.808433,T-Mobile Bill Payment,credit,NLABNA9671520153
TXN00358,151.17,2023-12-20 02:29:23.808433,Eneco Energy Bill,credit,NLINGB9185055705
TXN00359,451.89,2024-08-08 21:09:32.808433,Netflix Subscription,debit,NLINGB5754612613
TXN00360,-49.58,2024-03-07 00:27:24.808433,Payment to Rabobank,debit,NLINGB9573813195
TXN00361,343.86,2024-06-30 05:30:16.808433,Transfer to ING Account,credit,NLABNA5756948312
TXN00362,-36.49,2024-05-02 02:55:42.808433,Municipal Tax Payment,credit,NLRABO2398212158
TXN00363,-402.72,2024-08-01 08:48:45.808433,Transfer to ING Account,credit,NLINGB9286933751
TXN00364,142.97,2024-07-08 12:28:06.808433,Eneco Energy Bill,debit,NLINGB5809189916
TXN00365,260.72,2023-09-17 15:41:59.808433,Transfer to ING Account,debit,NLINGB2073895398
TXN00366,26.11,2023-12-01 15:17:53.808433,Bol.com Purchase,debit,NLABNA7441066050
TXN00367,-42.95,2023-12-11 00:39:35.808433,Rent Payment,debit,NLABNA1448734798
TXN00368,-78.83,2023-08-29 19:31:41.808433,T-Mobile Bill Payment,debit,NLRABO8201954717
TXN00369,-161.17,2024-05-10 13:04:22.808433,Bunq Transfer,debit,NLINGB5832817775
TXN00370,-358.35,2024-02-07 23:29:25.808433,Salary from Employer,credit,NLRABO8627799935
TXN00371,-101.79,2023-12-13 14:34:58.808433,Tax Refund,credit,NLRABO9982626377
TXN00372,-254.71,2024-01-06 15:35:50.808433,Netflix Subscription,credit,NLRABO9826212766
TXN00373,-298.3,2023-11-09 07:12:21.808433,Netflix Subscription,credit,NLINGB9302557809
TXN00374,419.99,2023-11-15 22:35:58.808433,Payment to Rabobank,credit,NLRABO4364623409
TXN00375,-67.53,2024-04-29 18:32:45.808433,Bunq Transfer,credit,NLRABO6000537561
TXN00376,-231.27,2023-10-05 10:37:00.808433,Bunq Transfer,credit,NLINGB2797932326
TXN00377,351.78,2024-02-24 22:14:38.808433,Payment to Credit Card,credit,NLABNA4911957354
TXN00378,411.14,2023-11-13 05:09:48.808433,Netflix Subscription,credit,NLRABO9063805954
TXN00379,-92.62,2023-09-11 23:59:03.808433,Payment to Rabobank,debit,NLRABO7281662650
TXN00380,-130.16,2023-11-03 03:15:24.808433,Payment to Ziggo,debit,NLRABO4203575610
TXN00381,-124.56,2024-08-01 00:53:20.808433,T-Mobile Bill Payment,debit,NLRABO2641351327
TXN00382,203.73,2024-05-02 00:06:58.808433,Payment to Ziggo,credit,NLABNA9348588646
TXN00383,-425.73,2023-12-26 00:04:37.808433,Eneco Energy Bill,debit,NLRABO2664360748
TXN00384,314.65,2024-01-31 22:43:16.808433,Netflix Subscription,credit,NLABNA9130423043
TXN00385,-458.03,2024-05-07 21:42:03.808433,Payment to Ziggo,credit,NLABNA4816108197
TXN00386,44.02,2023-10-27 13:22:16.808433,T-Mobile Bill Payment,debit,NLRABO8427013889
TXN00387,61.38,2024-03-08 17:18:29.808433,Municipal Tax Payment,credit,NLINGB3909164309
TXN00388,-432.04,2024-04-22 08:40:58.808433,Eneco Energy Bill,credit,NLABNA7382798015
TXN00389,451.94,2023-09-07 04:20:27.808433,Tax Refund,debit,NLRABO9510433334
TXN00390,-288.79,2024-02-17 14:59:08.808433,Car Lease Payment,debit,NLABNA1377969149
TXN00391,356.74,2024-08-09 14:12:16.808433,Transfer to ING Account,debit,NLABNA1661530761
TXN00392,-138.0,2023-09-28 19:44:52.808433,Netflix Subscription,credit,NLINGB3568113400
TXN00393,-247.98,2024-06-09 12:25:20.808433,Bunq Transfer,credit,NLINGB2783801978
TXN00394,165.87,2023-11-17 16:13:03.808433,iDEAL Payment,debit,NLABNA1140545739
TXN00395,-370.21,2023-11-19 16:28:47.808433,Municipal Tax Payment,debit,NLINGB8520044940
TXN00396,240.76,2024-02-29 01:30:37.808433,Transfer to ING Account,credit,NLINGB9672381508
TXN00397,472.32,2024-02-29 01:45:31.808433,Eneco Energy Bill,credit,NLRABO7093429650
TXN00398,360.97,2024-06-27 04:58:05.808433,Bol.com Purchase,debit,NLINGB3228905710
TXN00399,-318.25,2023-10-01 04:01:05.808433,Tax Refund,credit,NLINGB6931425173
TXN00400,-64.61,2024-02-06 04:45:31.808433,Eneco Energy Bill,debit,NLABNA1893845738
TXN00401,287.89,2023-10-10 16:15:33.808433,Payment to Rabobank,credit,NLRABO9263497910
TXN00402,255.17,2023-12-09 12:14:03.808433,Geldmaat ATM Withdrawal,credit,NLRABO6889210038
TXN00403,-232.87,2024-02-12 16:32:22.808433,AH Online Groceries,credit,NLRABO6177905004
TXN00404,-8.59,2024-07-21 15:52:54.808433,Eneco Energy Bill,credit,NLRABO3126270873
TXN00405,355.6,2024-04-15 18:37:26.808433,PayPal Transfer,debit,NLINGB6778815999
TXN00406,255.92,2024-05-09 22:55:50.808433,Car Lease Payment,credit,NLRABO3153206170
TXN00407,360.74,2023-11-27 12:24:59.808433,Municipal Tax Payment,credit,NLABNA1484484503
TXN00408,-53.12,2024-07-04 16:15:56.808433,Bunq Transfer,debit,NLINGB2050675733
TXN00409,-186.61,2024-04-30 14:15:20.808433,AH Online Groceries,credit,NLABNA8522359655
TXN00410,-411.51,2023-12-10 04:06:52.808433,Payment to Rabobank,debit,NLRABO3662395428
TXN00411,-170.33,2024-04-24 16:59:32.808433,Tax Refund,debit,NLINGB9422057685
TXN00412,492.24,2023-11-17 18:45:02.808433,Car Lease Payment,credit,NLRABO4745724215
TXN00413,266.57,2024-02-06 05:46:11.808433,Car Lease Payment,debit,NLABNA5904356751
TXN00414,-152.34,2024-07-11 03:11:05.808433,iDEAL Payment,credit,NLABNA8508324190
TXN00415,426.56,2024-06-07 09:51:44.808433,Tax Refund,debit,NLINGB3267389063
TXN00416,-49.97,2024-07-08 00:56:31.808433,Bunq Transfer,debit,NLRABO9125411658
TXN00417,-307.7,2023-10-29 08:40:06.808433,iDEAL Payment,debit,NLINGB8177699122
TXN00418,-3.85,2024-07-08 08:58:34.808433,Car Lease Payment,credit,NLRABO4351165132
TXN00419,-262.23,2024-07-21 00:03:20.808433,NS Train Ticket,credit,NLABNA9341849829
TXN00420,55.34,2023-11-15 06:28:28.808433,Payment to Rabobank,debit,NLRABO9952510335
TXN00421,-2.64,2024-05-04 02:07:52.808433,Payment to Ziggo,debit,NLINGB9920343454
TXN00422,-416.97,2023-09-05 00:07:13.808433,Albert Heijn Purchase,debit,NLRABO7482990975
TXN00423,-172.03,2023-12-05 20:18:04.808433,PayPal Transfer,debit,NLRABO6260084451
TXN00424,211.96,2023-11-21 01:59:27.808433,Eneco Energy Bill,credit,NLABNA5842776864
TXN00425,83.26,2024-05-31 20:17:17.808433,Car Lease Payment,debit,NLABNA1900236092
TXN00426,294.34,2023-08-24 22:22:30.808433,PayPal Transfer,credit,NLRABO7420283651
TXN00427,228.99,2024-04-19 13:12:56.808433,T-Mobile Bill Payment,debit,NLRABO8282246467
TXN00428,259.3,2024-01-22 20:11:44.808433,iDEAL Payment,debit,NLINGB7398524727
TXN00429,45.57,2023-12-01 08:54:09.808433,Rent Payment,credit,NLRABO1222901443
TXN00430,-363.55,2023-12-27 11:12:39.808433,Payment to Credit Card,debit,NLINGB6335385745
TXN00431,235.88,2023-10-10 13:08:52.808433,Municipal Tax Payment,debit,NLABNA1471035910
TXN00432,-162.01,2024-08-02 08:38:47.808433,Bunq Transfer,debit,NLABNA9451978248
TXN00433,135.48,2024-07-25 02:02:38.808433,PayPal Transfer,credit,NLRABO7613850869
TXN00434,266.02,2024-03-09 11:15:57.808433,NS Train Ticket,credit,NLRABO9734531618
TXN00435,-435.87,2023-09-15 16:09:40.808433,Salary from Employer,debit,NLRABO4669363200
TXN00436,221.19,2024-05-07 22:57:16.808433,Salary from Employer,credit,NLINGB4489035523
TXN00437,-175.9,2023-12-17 12:08:53.808433,Geldmaat ATM Withdrawal,credit,NLABNA7866612775
TXN00438,-42.97,2024-04-10 11:58:06.808433,AH Online Groceries,debit,NLABNA5930303183
TXN00439,267.95,2023-09-12 04:11:12.808433,iDEAL Payment,debit,NLINGB2381788152
TXN00440,432.37,2023-12-02 07:23:37.808433,Payment to Ziggo,debit,NLRABO3509605220
TXN00441,-460.85,2024-06-07 00:16:46.808433,Albert Heijn Purchase,debit,NLRABO7588383778
TXN00442,312.08,2023-10-16 07:45:29.808433,Transfer to ING Account,debit,NLABNA7002166419
TXN00443,-94.44,2024-03-15 16:49:18.808433,Transfer to ING Account,credit,NLABNA3523771054
TXN00444,-332.32,2024-03-26 12:30:22.808433,NS Train Ticket,debit,NLABNA3122470162
TXN00445,-164.41,2024-02-06 18:17:47.808433,PayPal Transfer,credit,NLABNA7067502706
TXN00446,-470.82,2023-09-30 08:01:10.808433,AH Online Groceries,debit,NLRABO4031661481
TXN00447,-195.31,2023-11-08 02:27:24.808433,Transfer to ING Account,credit,NLRABO1906555071
TXN00448,139.87,2023-12-22 08:41:41.808433,Tax Refund,credit,NLABNA4693242700
TXN00449,100.86,2024-04-16 11:08:08.808433,Rent Payment,debit,NLINGB9719516382
TXN00450,388.84,2024-05-03 05:26:07.808433,AH Online Groceries,credit,NLRABO8792513095
TXN00451,-173.18,2023-12-10 16:17:25.808433,Albert Heijn Purchase,debit,NLINGB6977473058
TXN00452,-472.62,2024-08-06 02:24:17.808433,Eneco Energy Bill,debit,NLINGB5863087537
TXN00453,322.49,2024-05-26 11:10:29.808433,PayPal Transfer,debit,NLRABO4394802024
TXN00454,-208.84,2024-01-24 22:43:33.808433,Eneco Energy Bill,debit,NLABNA8262754654
TXN00455,379.32,2024-01-30 18:00:55.808433,Albert Heijn Purchase,credit,NLINGB3763229889
TXN00456,224.33,2023-09-20 20:41:45.808433,Albert Heijn Purchase,debit,NLINGB9008261914
TXN00457,154.05,2024-06-12 23:08:50.808433,Payment to Ziggo,debit,NLABNA3079953176
TXN00458,-51.9,2023-09-05 14:45:47.808433,PayPal Transfer,credit,NLRABO6637893825
TXN00459,-108.64,2024-07-15 16:12:04.808433,Eneco Energy Bill,debit,NLINGB6787725998
TXN00460,244.02,2024-06-07 14:57:14.808433,Albert Heijn Purchase,debit,NLABNA4930644767
TXN00461,121.24,2024-01-13 12:44:35.808433,Bunq Transfer,credit,NLRABO3120121619
TXN00462,31.29,2024-01-03 23:28:28.808433,Rent Payment,debit,NLINGB6764200317
TXN00463,53.84,2024-01-28 10:46:10.808433,Payment to Credit Card,debit,NLINGB9704373612
TXN00464,41.19,2024-08-02 20:45:17.808433,Car Lease Payment,debit,NLRABO1457071453
TXN00465,-300.6,2023-12-13 12:11:21.808433,PayPal Transfer,credit,NLABNA6127908605
TXN00466,50.57,2024-05-15 04:19:16.808433,Bol.com Purchase,credit,NLABNA6626666431
TXN00467,-17.1,2023-12-09 15:26:34.808433,Eneco Energy Bill,debit,NLABNA4054340726
TXN00468,4.31,2024-06-03 17:47:44.808433,Salary from Employer,debit,NLINGB6170472472
TXN00469,-93.0,2023-12-04 20:43:23.808433,Geldmaat ATM Withdrawal,credit,NLABNA2640159255
TXN00470,-138.44,2024-08-22 03:08:54.808433,T-Mobile Bill Payment,credit,NLABNA4443625629
TXN00471,479.61,2024-08-17 11:14:14.808433,Salary from Employer,credit,NLRABO6985292404
TXN00472,391.53,2024-04-27 21:51:01.808433,Payment to Credit Card,credit,NLINGB3386242040
TXN00473,457.59,2023-11-24 15:55:00.808433,Car Lease Payment,debit,NLRABO9812821843
TXN00474,-386.52,2024-01-28 15:00:53.808433,Payment to Rabobank,credit,NLRABO1679432369
TXN00475,470.9,2024-07-19 15:56:28.808433,Payment to Credit Card,debit,NLINGB2871763594
TXN00476,-314.79,2023-11-15 12:18:50.808433,Netflix Subscription,credit,NLRABO8938128561
TXN00477,-102.07,2023-09-06 11:11:21.808433,Transfer to ING Account,debit,NLINGB4062580129
TXN00478,-302.52,2023-09-12 10:37:57.808433,Netflix Subscription,debit,NLABNA9089889412
TXN00479,84.35,2024-01-28 08:35:15.808433,Car Lease Payment,credit,NLABNA9917160644
TXN00480,386.47,2023-12-21 13:46:43.808433,Netflix Subscription,debit,NLRABO7517955404
TXN00481,-96.49,2024-07-20 10:25:00.808433,Tax Refund,debit,NLABNA5691367090
TXN00482,-362.96,2024-07-16 07:31:24.808433,Bunq Transfer,debit,NLRABO7069460128
TXN00483,-259.51,2024-02-27 12:49:37.808433,Bunq Transfer,credit,NLINGB5620788091
TXN00484,217.48,2024-05-12 02:59:30.808433,Tax Refund,credit,NLINGB1941077010
TXN00485,-254.08,2024-04-11 14:30:36.808433,NS Train Ticket,debit,NLABNA5355415188
TXN00486,-394.28,2023-12-14 19:21:06.808433,Salary from Employer,credit,NLINGB6493988514
TXN00487,202.33,2024-02-05 03:59:04.808433,Payment to Rabobank,debit,NLABNA4651686946
TXN00488,-232.58,2024-04-14 15:58:29.808433,Salary from Employer,debit,NLABNA2299658351
TXN00489,433.86,2024-02-28 12:49:01.808433,AH Online Groceries,debit,NLRABO2846149214
TXN00490,405.91,2024-02-28 13:25:40.808433,Eneco Energy Bill,credit,NLABNA4278304852
TXN00491,159.76,2023-12-15 04:14:24.808433,T-Mobile Bill Payment,credit,NLABNA9944894934
TXN00492,-36.79,2024-07-31 23:43:27.808433,Netflix Subscription,debit,NLRABO2332186222
TXN00493,491.46,2024-07-02 03:05:00.808433,NS Train Ticket,debit,NLABNA1912345775
TXN00494,118.3,2024-02-05 01:11:30.808433,Rent Payment,credit,NLRABO3171499961
TXN00495,275.94,2024-08-16 03:39:36.808433,Payment to Ziggo,debit,NLRABO1819725381
TXN00496,-123.65,2024-05-12 12:17:35.808433,Rent Payment,debit,NLRABO2869622603
TXN00497,48.28,2024-08-05 02:46:54.808433,PayPal Transfer,debit,NLRABO6794170849
TXN00498,-32.81,2024-08-22 18:55:35.808433,Municipal Tax Payment,credit,NLABNA3046052785
TXN00499,406.44,2023-11-07 14:07:38.808433,iDEAL Payment,debit,NLRABO5416013095
TXN00500,141.02,2023-11-05 22:13:30.808433,Bol.com Purchase,debit,NLRABO5163726277
TXN00501,-40.34,2024-01-25 04:51:55.808433,Payment to Rabobank,debit,NLRABO5503119740
TXN00502,124.05,2023-11-20 22:43:50.808433,Bunq Transfer,credit,NLRABO5892956545
TXN00503,-423.38,2023-08-29 03:04:05.808433,Rent Payment,debit,NLABNA1133698786
TXN00504,-106.87,2024-02-17 03:20:59.808433,Geldmaat ATM Withdrawal,credit,NLABNA3574903584
TXN00505,298.71,2024-08-05 22:51:17.808433,Rent Payment,credit,NLINGB2010730618
TXN00506,67.98,2023-08-29 16:59:29.808433,NS Train Ticket,credit,NLABNA8261422120
TXN00507,-366.48,2023-09-09 21:55:41.808433,Payment to Ziggo,debit,NLABNA4725779145
TXN00508,126.95,2023-11-23 20:43:24.808433,Rent Payment,debit,NLRABO7522775603
TXN00509,469.6,2023-10-26 15:34:01.808433,NS Train Ticket,debit,NLINGB3598072832
TXN00510,475.11,2023-08-27 00:31:22.808433,PayPal Transfer,debit,NLINGB9063075214
TXN00511,407.53,2024-05-16 23:46:01.808433,Payment to Ziggo,credit,NLRABO8059249392
TXN00512,-75.52,2023-10-26 11:25:21.808433,PayPal Transfer,debit,NLRABO7402434905
TXN00513,-493.66,2024-06-26 14:55:26.808433,Bunq Transfer,credit,NLRABO5315819654
TXN00514,324.52,2024-02-21 02:34:33.808433,Payment to Ziggo,credit,NLINGB6019338355
TXN00515,-189.15,2023-10-03 09:01:21.808433,Bol.com Purchase,debit,NLRABO4697903470
TXN00516,-13.21,2024-02-21 21:31:30.808433,T-Mobile Bill Payment,debit,NLINGB3543928519
TXN00517,-45.03,2023-08-30 16:20:59.808433,Salary from Employer,debit,NLABNA6791882442
TXN00518,162.52,2023-10-27 10:16:09.808433,Municipal Tax Payment,credit,NLINGB2109198007
TXN00519,168.59,2024-02-10 02:53:37.808433,Payment to Rabobank,credit,NLRABO5079794322
TXN00520,-385.81,2024-04-13 10:06:27.808433,Eneco Energy Bill,credit,NLINGB9072585181
TXN00521,411.53,2024-02-05 18:30:38.808433,Payment to Credit Card,credit,NLRABO7046353685
TXN00522,228.18,2023-12-21 20:08:37.808433,Rent Payment,credit,NLINGB5279028876
TXN00523,-251.7,2023-11-26 23:04:00.808433,NS Train Ticket,credit,NLRABO2637727055
TXN00524,7.43,2024-02-20 07:20:59.808433,Netflix Subscription,credit,NLABNA6584384834
TXN00525,-137.54,2023-12-19 21:27:52.808433,NS Train Ticket,credit,NLABNA5251661776
TXN00526,16.36,2024-02-11 16:59:10.808433,NS Train Ticket,credit,NLRABO7557003516
TXN00527,-354.44,2024-06-04 10:55:35.808433,Netflix Subscription,credit,NLRABO1647353081
TXN00528,432.78,2024-06-14 23:30:03.808433,Rent Payment,debit,NLABNA2286986277
TXN00529,-4.84,2024-02-07 11:07:54.808433,Salary from Employer,debit,NLRABO6210675364
TXN00530,-408.68,2024-03-04 06:21:00.808433,Transfer to ING Account,debit,NLRABO1157203414
TXN00531,313.09,2024-06-06 00:04:20.808433,AH Online Groceries,debit,NLRABO9254368471
TXN00532,-237.02,2024-07-16 07:54:58.808433,Bol.com Purchase,debit,NLABNA5467685981
TXN00533,-10.36,2024-06-02 15:21:27.808433,Municipal Tax Payment,credit,NLINGB1897394679
TXN00534,187.13,2024-01-16 06:14:53.808433,NS Train Ticket,debit,NLINGB1439607782
TXN00535,51.68,2023-12-26 17:51:24.808433,Bol.com Purchase,credit,NLINGB9510929493
TXN00536,-178.0,2023-11-24 11:54:19.808433,Bunq Transfer,debit,NLABNA8201247674
TXN00537,-7.47,2024-07-27 15:09:57.808433,iDEAL Payment,credit,NLINGB5870046268
TXN00538,231.65,2023-11-25 15:18:51.808433,Geldmaat ATM Withdrawal,debit,NLRABO6465337243
TXN00539,55.79,2024-04-08 03:57:30.808433,Payment to Credit Card,debit,NLABNA3581740203
TXN00540,-157.09,2024-05-13 10:31:15.808433,Albert Heijn Purchase,credit,NLINGB7292407257
TXN00541,-19.46,2024-02-02 08:13:39.808433,Bol.com Purchase,credit,NLINGB3672801117
TXN00542,107.0,2024-07-15 22:04:54.808433,Albert Heijn Purchase,debit,NLRABO2047129725
TXN00543,283.52,2024-05-22 04:15:23.808433,Car Lease Payment,debit,NLINGB1155480503
TXN00544,379.85,2023-12-03 13:44:22.808433,Transfer to ING Account,debit,NLINGB2888856857
TXN00545,-448.39,2024-08-10 00:33:41.808433,Bunq Transfer,credit,NLRABO3025926971
TXN00546,266.72,2024-02-19 20:33:08.808433,NS Train Ticket,credit,NLRABO2533441808
TXN00547,-353.72,2023-10-12 06:21:45.808433,Payment to Credit Card,credit,NLRABO2882762593
TXN00548,-14.84,2024-03-23 17:59:37.808433,Payment to Ziggo,debit,NLINGB2995409505
TXN00549,-300.51,2024-07-10 21:54:07.808433,Transfer to ING Account,debit,NLABNA7142662716
TXN00550,-492.22,2023-08-31 21:41:49.808433,Bol.com Purchase,debit,NLRABO7003577640
TXN00551,-22.72,2024-04-14 03:44:21.808433,Municipal Tax Payment,credit,NLINGB8575895565
TXN00552,-98.17,2023-10-05 12:40:25.808433,T-Mobile Bill Payment,debit,NLINGB4368018669
TXN00553,59.25,2023-12-16 04:56:50.808433,Municipal Tax Payment,credit,NLABNA3572832377
TXN00554,-26.37,2023-09-02 09:13:04.808433,Payment to Rabobank,debit,NLINGB8793071238
TXN00555,-380.88,2024-03-22 06:40:42.808433,Payment to Ziggo,credit,NLINGB6110186639
TXN00556,3.78,2024-06-16 22:51:10.808433,Salary from Employer,credit,NLRABO2268499583
TXN00557,258.76,2024-08-10 04:23:32.808433,Municipal Tax Payment,debit,NLRABO8593081976
TXN00558,-170.22,2024-01-13 15:49:19.808433,Albert Heijn Purchase,debit,NLRABO2866659019
TXN00559,-277.95,2024-07-14 15:00:26.808433,Albert Heijn Purchase,credit,NLRABO7347197712
TXN00560,-38.78,2024-01-16 16:51:37.808433,PayPal Transfer,credit,NLINGB7513303538
TXN00561,-417.63,2023-11-15 04:57:47.808433,Payment to Credit Card,credit,NLRABO8711868769
TXN00562,-6.91,2024-08-16 02:39:04.808433,Netflix Subscription,credit,NLINGB2596610439
TXN00563,-230.79,2024-01-22 16:32:31.808433,Municipal Tax Payment,credit,NLINGB8216948505
TXN00564,273.69,2024-07-17 07:21:51.808433,Car Lease Payment,debit,NLRABO7956273901
TXN00565,-399.04,2024-04-16 20:48:18.808433,Car Lease Payment,credit,NLRABO1308144849
TXN00566,316.21,2024-05-19 23:19:28.808433,Transfer to ING Account,debit,NLINGB1561160388
TXN00567,-82.83,2024-02-27 21:57:31.808433,Car Lease Payment,debit,NLRABO4077979943
TXN00568,-13.04,2023-08-30 01:46:20.808433,PayPal Transfer,debit,NLABNA4316238059
TXN00569,-459.64,2024-02-17 21:55:07.808433,Municipal Tax Payment,credit,NLINGB4678415538
TXN00570,-326.46,2023-10-19 12:51:53.808433,T-Mobile Bill Payment,credit,NLABNA8966929538
TXN00571,69.9,2023-09-22 20:45:34.808433,AH Online Groceries,credit,NLRABO5951136245
TXN00572,-253.47,2024-06-16 10:51:08.808433,iDEAL Payment,credit,NLRABO9608541658
TXN00573,281.23,2024-07-15 10:14:32.808433,Albert Heijn Purchase,credit,NLINGB1363158915
TXN00574,-110.1,2024-01-16 16:15:06.808433,PayPal Transfer,debit,NLABNA7660697274
TXN00575,-123.02,2024-06-02 14:28:17.808433,Bunq Transfer,debit,NLRABO9510403532
TXN00576,193.28,2024-06-27 18:54:32.808433,Payment to Rabobank,credit,NLINGB5024079128
TXN00577,-169.54,2023-10-29 07:04:50.808433,Payment to Ziggo,debit,NLABNA3653315807
TXN00578,-439.49,2024-01-08 21:37:48.808433,Transfer to ING Account,debit,NLRABO3929494385
TXN00579,-3.98,2023-11-18 03:55:40.808433,Bunq Transfer,debit,NLABNA8505467260
TXN00580,249.14,2024-08-07 19:56:06.808433,Rent Payment,credit,NLABNA6606121076
TXN00581,25.29,2024-07-30 20:41:06.808433,Payment to Rabobank,credit,NLRABO6763551660
TXN00582,176.02,2024-02-15 20:37:09.808433,Netflix Subscription,credit,NLRABO9761549905
TXN00583,476.91,2024-05-19 13:28:10.808433,Payment to Credit Card,credit,NLABNA8373520538
TXN00584,404.72,2024-08-17 21:53:17.808433,Salary from Employer,debit,NLINGB2077324441
TXN00585,200.63,2024-06-03 13:04:47.808433,NS Train Ticket,credit,NLINGB4533040203
TXN00586,-282.09,2024-07-03 16:28:57.808433,Payment to Credit Card,credit,NLRABO1274129720
TXN00587,286.47,2023-09-21 04:02:04.808433,iDEAL Payment,debit,NLABNA9171899106
TXN00588,347.14,2023-10-10 05:29:10.808433,Car Lease Payment,credit,NLABNA1203203105
TXN00589,218.4,2023-09-04 08:02:24.808433,Payment to Credit Card,debit,NLINGB7497611652
TXN00590,459.15,2024-05-13 00:53:13.808433,Bol.com Purchase,debit,NLINGB3521861478
TXN00591,-11.34,2024-06-16 16:32:05.808433,Eneco Energy Bill,credit,NLRABO6977534028
TXN00592,220.14,2023-08-27 14:12:36.808433,Payment to Rabobank,debit,NLINGB2974735276
TXN00593,-221.61,2024-08-15 12:54:08.808433,Car Lease Payment,credit,NLINGB4613171518
TXN00594,-81.99,2023-11-04 12:01:56.808433,Salary from Employer,credit,NLINGB2120990656
TXN00595,358.79,2024-03-23 05:02:58.808433,Payment to Rabobank,debit,NLINGB2217578857
TXN00596,-148.19,2024-02-17 12:49:32.808433,Salary from Employer,credit,NLRABO2102210234
TXN00597,-98.82,2023-11-19 21:56:36.808433,Car Lease Payment,credit,NLINGB1162782888
TXN00598,-234.17,2023-10-09 18:44:41.808433,Tax Refund,credit,NLRABO6478158920
TXN00599,-69.96,2024-07-20 22:08:48.808433,Bunq Transfer,credit,NLINGB9198029150
TXN00600,-70.99,2023-12-06 17:52:27.808433,Tax Refund,credit,NLINGB3254713379
TXN00601,-245.45,2023-11-28 04:38:39.808433,Salary from Employer,credit,NLRABO1565305531
TXN00602,475.69,2023-11-16 16:26:26.808433,iDEAL Payment,credit,NLRABO7734432012
TXN00603,28.59,2023-11-28 19:44:53.808433,Bunq Transfer,credit,NLRABO1463530104
TXN00604,-89.45,2024-08-19 20:49:02.808433,AH Online Groceries,debit,NLRABO4681981327
TXN00605,-321.37,2023-10-24 07:39:47.808433,PayPal Transfer,debit,NLINGB1634139550
TXN00606,-63.81,2024-05-13 17:46:06.808433,Municipal Tax Payment,credit,NLABNA6776668242
TXN00607,-281.8,2024-03-20 08:33:19.808433,Payment to Ziggo,debit,NLRABO8298894279
TXN00608,-126.07,2024-07-28 17:36:48.808433,NS Train Ticket,debit,NLRABO5391282588
TXN00609,-87.74,2024-06-21 07:13:02.808433,Geldmaat ATM Withdrawal,credit,NLINGB5371468449
TXN00610,337.83,2023-12-08 20:46:18.808433,Payment to Rabobank,credit,NLINGB1243541359
TXN00611,21.2,2023-12-16 12:40:58.808433,Tax Refund,debit,NLRABO6193010396
TXN00612,-260.53,2023-08-31 22:28:57.808433,PayPal Transfer,debit,NLRABO2018083306
TXN00613,257.15,2024-01-13 15:46:16.808433,Bunq Transfer,credit,NLRABO1904435517
TXN00614,468.47,2023-10-26 16:45:59.808433,Rent Payment,credit,NLINGB6534283190
TXN00615,421.15,2024-05-16 18:33:30.808433,NS Train Ticket,credit,NLRABO2222656847
TXN00616,-456.29,2024-01-13 15:16:25.808433,T-Mobile Bill Payment,debit,NLINGB2117589863
TXN00617,286.88,2023-12-05 21:43:39.808433,Car Lease Payment,debit,NLINGB5061451992
TXN00618,-45.35,2024-01-17 17:08:20.808433,AH Online Groceries,debit,NLABNA4168700953
TXN00619,150.36,2024-03-12 21:23:11.808433,NS Train Ticket,credit,NLINGB8967312341
TXN00620,493.09,2024-04-06 09:21:31.808433,iDEAL Payment,debit,NLRABO1013956543
TXN00621,-81.43,2023-11-12 01:55:38.808433,T-Mobile Bill Payment,credit,NLINGB2288077119
TXN00622,183.77,2023-12-28 06:58:01.808433,Netflix Subscription,credit,NLRABO5336323049
TXN00623,-428.63,2024-01-19 07:47:49.808433,Salary from Employer,debit,NLINGB6737645763
TXN00624,101.5,2024-08-20 05:09:19.808433,PayPal Transfer,debit,NLABNA2527877054
TXN00625,314.99,2023-09-10 05:44:45.808433,AH Online Groceries,credit,NLRABO5982896480
TXN00626,-34.55,2024-08-08 21:59:57.808433,Payment to Ziggo,debit,NLRABO4218986139
TXN00627,212.33,2024-08-12 14:06:18.808433,PayPal Transfer,debit,NLRABO2565914397
TXN00628,190.43,2023-12-11 06:18:19.808433,Payment to Rabobank,debit,NLABNA3766121448
TXN00629,177.51,2024-01-16 23:28:51.808433,Bunq Transfer,debit,NLINGB6647365070
TXN00630,6.9,2024-05-04 23:50:15.808433,T-Mobile Bill Payment,credit,NLABNA5518523131
TXN00631,478.33,2024-02-28 18:08:52.808433,AH Online Groceries,debit,NLABNA6107720213
TXN00632,46.55,2023-11-15 09:54:19.808433,Transfer to ING Account,credit,NLINGB1904721645
TXN00633,-31.26,2023-10-19 00:06:28.808433,T-Mobile Bill Payment,debit,NLINGB1334423603
TXN00634,312.67,2023-10-03 00:34:20.808433,PayPal Transfer,credit,NLRABO3285699234
TXN00635,54.32,2024-02-11 10:27:10.808433,Tax Refund,debit,NLRABO6137824508
TXN00636,419.96,2024-02-22 15:00:17.808433,NS Train Ticket,credit,NLRABO8953737778
TXN00637,-237.75,2023-10-14 00:53:29.808433,Tax Refund,debit,NLABNA3621428976
TXN00638,309.49,2024-08-22 18:32:19.808433,Albert Heijn Purchase,debit,NLRABO7057428132
TXN00639,3.2,2024-08-21 21:11:05.808433,Eneco Energy Bill,debit,NLINGB8633318333
TXN00640,312.18,2023-12-12 06:28:09.808433,NS Train Ticket,credit,NLRABO9662708848
TXN00641,-389.65,2023-11-02 04:23:35.808433,Payment to Credit Card,credit,NLRABO6676910830
TXN00642,461.16,2023-11-17 19:21:35.808433,AH Online Groceries,debit,NLRABO4460819103
TXN00643,264.39,2024-08-11 03:24:11.808433,AH Online Groceries,credit,NLINGB7687751459
TXN00644,259.25,2024-02-12 23:11:11.808433,Albert Heijn Purchase,credit,NLABNA3794978659
TXN00645,216.89,2024-03-08 11:31:53.808433,AH Online Groceries,debit,NLRABO2286681901
TXN00646,-253.59,2024-08-06 07:02:17.808433,Geldmaat ATM Withdrawal,credit,NLINGB1178183927
TXN00647,-485.7,2024-07-29 08:51:59.808433,Salary from Employer,debit,NLABNA7381082103
TXN00648,-232.56,2024-06-22 00:31:23.808433,Netflix Subscription,debit,NLABNA9101749420
TXN00649,-38.12,2024-01-31 07:51:10.808433,Albert Heijn Purchase,debit,NLABNA5786789319
TXN00650,-327.18,2023-10-05 22:45:03.808433,Bunq Transfer,credit,NLINGB7123717724
TXN00651,371.37,2023-10-20 17:20:56.808433,Tax Refund,credit,NLABNA4069891921
TXN00652,-155.01,2024-05-08 21:57:07.808433,Bol.com Purchase,credit,NLABNA5598377120
TXN00653,-196.58,2023-11-26 09:35:16.808433,Car Lease Payment,debit,NLINGB8545531594
TXN00654,6.62,2024-02-17 08:36:30.808433,Payment to Rabobank,credit,NLINGB3168508415
TXN00655,239.43,2024-03-30 20:07:57.808433,T-Mobile Bill Payment,debit,NLRABO3160461718
TXN00656,-241.01,2024-04-09 02:22:16.808433,Payment to Credit Card,credit,NLINGB7634601874
TXN00657,-220.37,2024-05-30 04:36:08.808433,Car Lease Payment,debit,NLABNA9699864642
TXN00658,177.72,2024-02-03 06:47:28.808433,Municipal Tax Payment,debit,NLABNA2732426380
TXN00659,52.03,2024-07-22 03:02:54.808433,Payment to Ziggo,debit,NLRABO3984536889
TXN00660,-417.29,2024-01-22 02:55:49.808433,Municipal Tax Payment,credit,NLRABO4469170805
TXN00661,225.68,2024-03-04 19:40:20.808433,Netflix Subscription,debit,NLRABO6374287759
TXN00662,325.7,2024-05-23 05:11:28.808433,Netflix Subscription,credit,NLINGB9221960752
TXN00663,361.58,2024-05-03 19:42:06.808433,Payment to Ziggo,credit,NLRABO4987560339
TXN00664,87.98,2023-10-26 22:25:23.808433,Bol.com Purchase,credit,NLRABO3602879335
TXN00665,353.37,2024-02-27 00:04:32.808433,Tax Refund,debit,NLINGB2764350547
TXN00666,28.41,2024-06-28 22:31:16.808433,Eneco Energy Bill,debit,NLABNA7409704226
TXN00667,408.41,2023-09-14 05:39:00.808433,Albert Heijn Purchase,debit,NLABNA2526199435
TXN00668,301.33,2024-01-04 20:19:17.808433,Tax Refund,credit,NLRABO3669936482
TXN00669,-193.61,2023-09-02 05:37:36.808433,Eneco Energy Bill,credit,NLABNA8490270473
TXN00670,-124.83,2024-06-09 21:52:28.808433,Bol.com Purchase,credit,NLINGB6889623625
TXN00671,60.64,2023-09-19 01:00:53.808433,Car Lease Payment,debit,NLINGB7952243106
TXN00672,-74.82,2023-09-26 01:17:36.808433,AH Online Groceries,credit,NLABNA4346193745
TXN00673,460.57,2024-08-16 15:12:46.808433,Payment to Credit Card,credit,NLRABO5134165454
TXN00674,317.66,2024-07-14 16:41:23.808433,PayPal Transfer,credit,NLABNA9370328466
TXN00675,260.26,2023-11-24 15:06:34.808433,Municipal Tax Payment,credit,NLRABO7710905595
TXN00676,-466.95,2024-07-18 19:19:25.808433,Salary from Employer,credit,NLINGB9289427586
TXN00677,117.55,2024-08-12 03:39:52.808433,Car Lease Payment,debit,NLINGB6608778940
TXN00678,296.7,2024-08-05 22:15:23.808433,T-Mobile Bill Payment,debit,NLABNA4870122146
TXN00679,-167.8,2023-09-04 13:00:57.808433,Payment to Credit Card,debit,NLINGB9140610882
TXN00680,287.53,2023-08-26 04:46:26.808433,Payment to Credit Card,debit,NLABNA7043929734
TXN00681,-138.12,2024-03-06 19:47:15.808433,iDEAL Payment,credit,NLABNA9619359150
TXN00682,141.34,2023-09-30 23:14:07.808433,Netflix Subscription,debit,NLINGB3373859345
TXN00683,408.02,2024-06-19 02:11:59.808433,Albert Heijn Purchase,credit,NLRABO1488760956
TXN00684,289.78,2024-06-16 04:15:06.808433,Albert Heijn Purchase,debit,NLRABO6387526570
TXN00685,-412.57,2023-11-22 20:05:35.808433,Rent Payment,debit,NLABNA5201242033
TXN00686,427.07,2023-10-04 06:18:46.808433,T-Mobile Bill Payment,debit,NLABNA7784717694
TXN00687,-222.05,2023-10-24 03:32:59.808433,Albert Heijn Purchase,credit,NLABNA4141465009
TXN00688,-174.37,2023-11-04 07:53:15.808433,iDEAL Payment,credit,NLRABO7433445045
TXN00689,-162.55,2024-04-30 13:33:00.808433,iDEAL Payment,debit,NLABNA4929484812
TXN00690,447.7,2024-04-16 05:39:02.808433,AH Online Groceries,credit,NLRABO3986786396
TXN00691,87.07,2024-03-31 01:04:54.808433,iDEAL Payment,credit,NLABNA7274559779
TXN00692,163.7,2023-12-29 20:51:54.808433,Payment to Credit Card,credit,NLINGB3810386731
TXN00693,-465.72,2024-03-11 05:29:25.808433,Car Lease Payment,debit,NLRABO9084264262
TXN00694,-84.06,2023-09-13 17:51:24.808433,Payment to Ziggo,debit,NLRABO2707081112
TXN00695,-487.54,2024-03-31 21:05:50.808433,Eneco Energy Bill,debit,NLABNA5691419158
TXN00696,243.59,2024-05-02 03:16:27.808433,Salary from Employer,debit,NLABNA7854828573
TXN00697,-1.54,2024-01-01 01:47:31.808433,Geldmaat ATM Withdrawal,debit,NLRABO3401094521
TXN00698,-210.38,2024-01-09 03:32:46.808433,Netflix Subscription,debit,NLABNA9604969929
TXN00699,226.19,2023-10-17 13:55:55.808433,Salary from Employer,credit,NLABNA1136214484
TXN00700,112.65,2023-10-09 22:31:37.808433,iDEAL Payment,debit,NLABNA9461770911
TXN00701,-137.43,2024-02-27 04:19:58.808433,Eneco Energy Bill,debit,NLINGB9641431577
TXN00702,408.34,2024-07-13 13:31:01.808433,Transfer to ING Account,debit,NLRABO9850061483
TXN00703,358.79,2023-12-08 21:32:07.808433,Netflix Subscription,debit,NLRABO1733374417
TXN00704,-215.86,2024-07-29 11:18:36.808433,Municipal Tax Payment,debit,NLRABO2589193539
TXN00705,-223.38,2023-10-02 14:36:36.808433,NS Train Ticket,debit,NLABNA2016534845
TXN00706,465.46,2024-08-05 12:15:52.808433,Car Lease Payment,credit,NLRABO7588036555
TXN00707,443.12,2024-04-03 03:33:30.808433,Albert Heijn Purchase,debit,NLABNA1608711898
TXN00708,428.23,2024-08-18 02:41:53.808433,Eneco Energy Bill,credit,NLRABO8897108977
TXN00709,-65.78,2024-02-11 15:21:48.808433,Bol.com Purchase,credit,NLABNA1163552159
TXN00710,392.09,2023-12-25 15:28:36.808433,Payment to Rabobank,credit,NLRABO4981076912
TXN00711,437.8,2023-12-10 17:34:42.808433,Tax Refund,debit,NLINGB2788008350
TXN00712,297.6,2024-06-03 17:29:24.808433,Netflix Subscription,credit,NLINGB2455417533
TXN00713,-386.8,2024-06-15 13:44:32.808433,T-Mobile Bill Payment,debit,NLRABO2205775703
TXN00714,248.07,2024-08-04 02:55:37.808433,Car Lease Payment,credit,NLABNA2680166206
TXN00715,-15.71,2024-06-27 06:57:03.808433,Payment to Ziggo,debit,NLINGB8195992425
TXN00716,-337.54,2023-12-11 11:14:56.808433,Municipal Tax Payment,debit,NLINGB9100885914
TXN00717,-180.91,2024-03-28 21:03:53.808433,Transfer to ING Account,debit,NLABNA2997900164
TXN00718,493.77,2024-05-19 19:48:40.808433,Bunq Transfer,credit,NLABNA6924804425
TXN00719,330.64,2023-10-15 20:31:30.808433,PayPal Transfer,credit,NLRABO1432287295
TXN00720,382.06,2024-06-17 22:38:52.808433,Tax Refund,credit,NLRABO5098583240
TXN00721,-433.02,2024-07-13 01:52:10.808433,Tax Refund,credit,NLINGB8554205299
TXN00722,-392.66,2024-03-23 16:36:52.808433,Transfer to ING Account,debit,NLABNA9597418886
TXN00723,271.82,2024-03-14 13:58:27.808433,Netflix Subscription,credit,NLRABO9661974966
TXN00724,-157.67,2023-09-20 14:57:06.808433,Tax Refund,credit,NLINGB9609221234
TXN00725,-380.03,2024-04-03 15:07:05.808433,T-Mobile Bill Payment,debit,NLRABO3113701386
TXN00726,-154.43,2024-07-11 05:16:39.808433,Bunq Transfer,debit,NLINGB9205774333
TXN00727,17.3,2024-01-26 09:26:52.808433,Geldmaat ATM Withdrawal,debit,NLINGB5670948915
TXN00728,-356.65,2024-06-30 15:48:50.808433,AH Online Groceries,debit,NLRABO4788896126
TXN00729,238.71,2023-12-12 17:57:40.808433,Albert Heijn Purchase,debit,NLABNA8589185428
TXN00730,-490.32,2024-01-29 00:43:40.808433,Bunq Transfer,credit,NLABNA8011306779
TXN00731,225.16,2024-02-25 18:36:44.808433,Transfer to ING Account,credit,NLABNA1463448102
TXN00732,451.88,2023-09-24 08:27:59.808433,Municipal Tax Payment,debit,NLINGB3148693227
TXN00733,322.41,2024-07-06 12:28:53.808433,Eneco Energy Bill,debit,NLABNA2234498136
TXN00734,358.59,2023-10-01 08:39:23.808433,Albert Heijn Purchase,credit,NLABNA6065144187
TXN00735,99.59,2024-02-13 22:18:17.808433,Car Lease Payment,debit,NLABNA7609478049
TXN00736,17.62,2023-09-02 08:07:30.808433,Geldmaat ATM Withdrawal,credit,NLABNA4001351927
TXN00737,496.4,2024-03-12 23:40:55.808433,Car Lease Payment,debit,NLINGB8472852564
TXN00738,96.29,2024-02-20 10:42:38.808433,Payment to Ziggo,credit,NLABNA8552174395
TXN00739,-266.07,2024-05-08 10:30:05.808433,Payment to Rabobank,credit,NLRABO8576848879
TXN00740,-411.74,2024-08-18 05:11:00.808433,Netflix Subscription,debit,NLRABO4955816036
TXN00741,206.28,2024-05-10 14:40:55.808433,Car Lease Payment,credit,NLABNA3677542245
TXN00742,-81.62,2024-07-15 07:46:22.808433,NS Train Ticket,debit,NLABNA9818843572
TXN00743,-164.51,2024-02-14 00:09:16.808433,iDEAL Payment,debit,NLABNA2876165790
TXN00744,320.83,2024-06-15 13:50:27.808433,Tax Refund,debit,NLINGB1581796927
TXN00745,-43.22,2024-03-01 12:42:49.808433,T-Mobile Bill Payment,debit,NLRABO8470142316
TXN00746,-296.19,2023-11-16 08:39:31.808433,NS Train Ticket,credit,NLINGB5497953873
TXN00747,365.79,2024-04-10 17:48:40.808433,AH Online Groceries,debit,NLRABO7324171870
TXN00748,27.3,2024-01-29 20:03:24.808433,Albert Heijn Purchase,debit,NLINGB6577117700
TXN00749,-376.45,2024-03-22 09:46:35.808433,Rent Payment,debit,NLRABO4043946295
TXN00750,-10.88,2023-08-29 15:59:20.808433,Payment to Ziggo,credit,NLRABO2068322479
TXN00751,72.18,2024-04-18 04:07:14.808433,Payment to Credit Card,credit,NLRABO2611892984
TXN00752,278.08,2023-10-11 18:16:43.808433,Municipal Tax Payment,debit,NLABNA7681807735
TXN00753,73.65,2024-06-26 20:53:36.808433,PayPal Transfer,debit,NLINGB3504454751
TXN00754,390.58,2024-02-14 03:31:20.808433,Municipal Tax Payment,debit,NLINGB6822474251
TXN00755,-84.3,2023-10-19 10:39:41.808433,Tax Refund,credit,NLABNA9246502859
TXN00756,132.33,2024-04-01 21:02:43.808433,Eneco Energy Bill,debit,NLRABO5281563738
TXN00757,-46.2,2024-05-05 10:41:45.808433,NS Train Ticket,debit,NLINGB9733111953
TXN00758,-188.22,2023-09-07 01:03:33.808433,Payment to Credit Card,debit,NLINGB5343195223
TXN00759,152.52,2024-02-23 14:55:50.808433,Payment to Ziggo,credit,NLINGB5902781026
TXN00760,482.46,2023-09-18 04:36:19.808433,Payment to Rabobank,credit,NLRABO9479371148
TXN00761,280.22,2024-06-01 22:28:57.808433,Salary from Employer,credit,NLABNA3964136487
TXN00762,-299.17,2024-04-20 02:38:15.808433,Transfer to ING Account,debit,NLINGB6951468854
TXN00763,-201.28,2024-05-10 16:19:28.808433,Geldmaat ATM Withdrawal,debit,NLINGB2506499326
TXN00764,-362.42,2023-11-04 12:33:21.808433,Payment to Credit Card,debit,NLABNA5314431885
TXN00765,400.93,2024-02-28 07:54:46.808433,Payment to Credit Card,credit,NLRABO2640548673
TXN00766,-265.56,2024-01-27 07:33:46.808433,Netflix Subscription,credit,NLABNA2442396492
TXN00767,330.55,2024-02-22 22:24:13.808433,NS Train Ticket,debit,NLINGB6453235745
TXN00768,323.49,2024-05-22 03:22:36.808433,Eneco Energy Bill,debit,NLABNA3234029546
TXN00769,-474.99,2024-04-12 01:42:25.808433,Payment to Ziggo,credit,NLRABO9855733408
TXN00770,-155.59,2024-02-25 18:46:44.808433,Albert Heijn Purchase,debit,NLINGB5951935939
TXN00771,-333.68,2023-10-16 23:03:13.808433,Municipal Tax Payment,credit,NLRABO2342557105
TXN00772,405.83,2023-12-20 14:50:58.808433,AH Online Groceries,credit,NLABNA5553938195
TXN00773,-65.42,2023-11-09 17:03:57.808433,Tax Refund,debit,NLINGB8631813548
TXN00774,137.19,2024-03-09 05:46:29.808433,Payment to Credit Card,credit,NLINGB8363646298
TXN00775,-493.37,2024-08-13 22:47:54.808433,Payment to Credit Card,credit,NLINGB1461003971
TXN00776,-65.86,2024-07-01 12:42:55.808433,Albert Heijn Purchase,credit,NLRABO1372475056
TXN00777,461.0,2024-03-03 19:36:00.808433,Payment to Ziggo,credit,NLABNA1759490122
TXN00778,77.33,2024-04-26 01:59:32.808433,Salary from Employer,credit,NLINGB6098048974
TXN00779,239.72,2024-07-21 21:25:59.808433,Bunq Transfer,debit,NLINGB9907713943
TXN00780,169.43,2023-12-28 00:55:51.808433,AH Online Groceries,credit,NLINGB5460993849
TXN00781,168.01,2023-10-25 00:34:03.808433,Bunq Transfer,debit,NLABNA7507398303
TXN00782,-226.11,2023-09-03 22:34:26.808433,Bol.com Purchase,credit,NLRABO3978694981
TXN00783,360.35,2024-01-15 23:22:57.808433,Bunq Transfer,debit,NLINGB5720821792
TXN00784,-217.86,2024-06-12 07:26:13.808433,Rent Payment,credit,NLRABO4365217998
TXN00785,-413.63,2024-01-28 23:54:54.808433,Eneco Energy Bill,credit,NLRABO7255059812
TXN00786,187.23,2024-02-18 16:30:35.808433,Transfer to ING Account,credit,NLABNA3737401739
TXN00787,-205.15,2023-11-25 11:08:10.808433,T-Mobile Bill Payment,debit,NLABNA2449892442
TXN00788,375.45,2023-10-06 21:25:33.808433,Car Lease Payment,debit,NLRABO2956328631
TXN00789,366.26,2023-09-21 07:56:59.808433,Rent Payment,debit,NLINGB3384211259
TXN00790,-13.98,2023-10-07 14:34:02.808433,Payment to Ziggo,credit,NLINGB3549827798
TXN00791,226.39,2024-02-21 01:37:00.808433,Bunq Transfer,credit,NLABNA8344716143
TXN00792,350.23,2023-11-03 21:17:15.808433,Salary from Employer,credit,NLINGB2143660226
TXN00793,-92.92,2024-06-06 09:48:06.808433,Payment to Credit Card,credit,NLINGB3686657814
TXN00794,359.4,2024-08-20 07:28:48.808433,Tax Refund,debit,NLINGB6085635673
TXN00795,-215.86,2023-09-06 02:49:52.808433,Netflix Subscription,debit,NLINGB3868627804
TXN00796,-179.35,2024-03-25 14:28:45.808433,Bunq Transfer,debit,NLRABO7566884849
TXN00797,30.66,2024-05-12 00:50:01.808433,Geldmaat ATM Withdrawal,credit,NLABNA1106765296
TXN00798,178.95,2023-11-03 12:15:02.808433,Municipal Tax Payment,credit,NLINGB6394337080
TXN00799,481.83,2024-01-24 11:07:31.808433,NS Train Ticket,debit,NLABNA7759155264
TXN00800,-381.78,2024-04-12 20:18:54.808433,Albert Heijn Purchase,debit,NLABNA8266680794
TXN00801,-223.94,2023-12-19 11:22:42.808433,Payment to Credit Card,debit,NLINGB3189609919
TXN00802,473.77,2024-02-01 17:26:01.808433,Payment to Ziggo,debit,NLINGB4060200838
TXN00803,-131.04,2024-08-19 16:16:06.808433,Bunq Transfer,credit,NLINGB1119411142
TXN00804,-79.06,2024-04-26 16:25:17.808433,Netflix Subscription,debit,NLINGB5305746356
TXN00805,301.86,2023-12-14 21:26:07.808433,Geldmaat ATM Withdrawal,credit,NLRABO5873036321
TXN00806,-76.2,2023-12-04 20:27:32.808433,Eneco Energy Bill,credit,NLRABO3977251773
TXN00807,-2.92,2024-02-28 18:19:14.808433,AH Online Groceries,debit,NLINGB7389039221
TXN00808,-0.03,2024-07-29 14:12:44.808433,NS Train Ticket,credit,NLRABO9505877923
TXN00809,493.83,2024-02-25 05:31:22.808433,Transfer to ING Account,debit,NLABNA8158600694
TXN00810,-41.18,2024-04-20 13:06:33.808433,Bunq Transfer,debit,NLRABO2490821162
TXN00811,-491.87,2024-01-31 07:52:05.808433,iDEAL Payment,debit,NLABNA7180636187
TXN00812,-240.57,2024-06-07 20:43:07.808433,Transfer to ING Account,credit,NLRABO1778964881
TXN00813,-358.92,2024-03-02 00:56:05.808433,Municipal Tax Payment,debit,NLINGB1032275683
TXN00814,-367.41,2024-06-16 23:00:11.808433,Bunq Transfer,debit,NLABNA4936709357
TXN00815,375.47,2024-03-24 22:08:00.808433,Bol.com Purchase,credit,NLABNA7392185397
TXN00816,230.19,2024-02-08 10:19:05.808433,Transfer to ING Account,credit,NLABNA1635117612
TXN00817,-133.71,2024-07-07 17:56:09.808433,Car Lease Payment,credit,NLINGB1225094095
TXN00818,171.64,2023-10-23 18:03:12.808433,Car Lease Payment,debit,NLINGB6536168936
TXN00819,-340.3,2024-02-18 14:56:24.808433,Municipal Tax Payment,credit,NLINGB4609964714
TXN00820,84.77,2024-05-16 08:46:35.808433,Netflix Subscription,debit,NLINGB4744635359
TXN00821,-458.68,2024-01-01 04:18:23.808433,Payment to Ziggo,debit,NLINGB6774014617
TXN00822,-46.18,2024-03-10 14:15:42.808433,Salary from Employer,debit,NLRABO7326116920
TXN00823,-46.52,2024-07-20 14:46:53.808433,Bol.com Purchase,credit,NLABNA9161967526
TXN00824,-249.42,2024-07-02 14:44:29.808433,Car Lease Payment,credit,NLINGB1416199061
TXN00825,147.19,2024-06-06 11:30:33.808433,iDEAL Payment,credit,NLABNA7467116671
TXN00826,-205.32,2024-01-27 04:20:27.808433,Rent Payment,credit,NLABNA5630382935
TXN00827,-276.85,2024-01-15 21:01:43.808433,Payment to Rabobank,credit,NLABNA2330662654
TXN00828,-432.31,2024-01-06 17:01:13.808433,Tax Refund,debit,NLINGB5029855479
TXN00829,336.35,2023-09-16 11:27:38.808433,Salary from Employer,credit,NLRABO4175898312
TXN00830,449.71,2024-03-13 03:33:51.808433,Municipal Tax Payment,credit,NLINGB8363282016
TXN00831,-411.0,2024-04-29 08:00:47.808433,Salary from Employer,credit,NLINGB4481717670
TXN00832,9.71,2023-10-01 05:48:49.808433,Albert Heijn Purchase,credit,NLABNA8116381146
TXN00833,-307.05,2024-01-09 02:50:17.808433,Payment to Rabobank,debit,NLRABO1406606219
TXN00834,-188.28,2024-05-03 11:39:58.808433,Car Lease Payment,debit,NLINGB5170919363
TXN00835,493.34,2024-04-07 17:34:23.808433,Payment to Rabobank,credit,NLRABO7736102591
TXN00836,145.71,2024-03-05 07:32:08.808433,Tax Refund,credit,NLABNA6960638467
TXN00837,207.97,2023-11-09 22:23:33.808433,Salary from Employer,debit,NLRABO1965669443
TXN00838,204.35,2024-05-09 12:50:46.808433,Municipal Tax Payment,credit,NLINGB7000462859
TXN00839,-385.24,2024-04-17 19:30:58.808433,Albert Heijn Purchase,debit,NLABNA8252058780
TXN00840,-5.89,2024-02-12 02:26:40.808433,Municipal Tax Payment,debit,NLABNA4153109741
TXN00841,72.92,2023-11-09 18:34:32.808433,Eneco Energy Bill,debit,NLRABO7815630135
TXN00842,-290.22,2023-12-04 18:26:27.808433,Tax Refund,debit,NLINGB9676265574
TXN00843,-226.72,2024-03-10 19:41:49.808433,Payment to Credit Card,debit,NLRABO5327443876
TXN00844,170.29,2024-05-19 23:45:55.808433,iDEAL Payment,debit,NLABNA8578152732
TXN00845,144.08,2024-03-16 03:54:51.808433,Transfer to ING Account,credit,NLABNA6096826784
TXN00846,-216.64,2023-12-08 16:22:52.808433,T-Mobile Bill Payment,credit,NLABNA5780831430
TXN00847,-358.07,2023-11-20 20:16:20.808433,AH Online Groceries,credit,NLABNA1148526956
TXN00848,388.3,2023-12-18 07:42:43.808433,Payment to Ziggo,debit,NLABNA2303871567
TXN00849,50.0,2024-08-16 17:06:41.808433,Payment to Rabobank,credit,NLINGB2804588233
TXN00850,249.46,2024-02-17 03:10:59.808433,Albert Heijn Purchase,credit,NLINGB5092896995
TXN00851,499.15,2023-12-26 21:42:51.808433,Payment to Rabobank,credit,NLRABO7094847932
TXN00852,-77.56,2024-02-10 18:59:04.808433,Tax Refund,debit,NLABNA4235158673
TXN00853,-437.56,2024-08-03 21:49:15.808433,Albert Heijn Purchase,credit,NLRABO1705930236
TXN00854,364.9,2024-03-17 00:24:16.808433,Albert Heijn Purchase,debit,NLABNA9369211473
TXN00855,250.91,2023-09-24 12:26:06.808433,Tax Refund,credit,NLINGB5147945215
TXN00856,325.35,2023-10-20 13:36:28.808433,Payment to Rabobank,debit,NLINGB5072883823
TXN00857,-361.15,2024-07-24 22:59:15.808433,Car Lease Payment,debit,NLINGB5348615215
TXN00858,228.9,2023-09-26 15:13:32.808433,PayPal Transfer,debit,NLINGB5505278785
TXN00859,176.55,2023-12-08 13:17:10.808433,T-Mobile Bill Payment,credit,NLRABO6373417462
TXN00860,415.41,2024-08-11 19:29:12.808433,AH Online Groceries,credit,NLRABO1421789295
TXN00861,-269.1,2024-06-08 02:55:08.808433,AH Online Groceries,debit,NLRABO9464493866
TXN00862,444.51,2023-11-10 23:44:33.808433,Payment to Credit Card,credit,NLINGB4703131091
TXN00863,-123.74,2024-06-13 15:16:00.808433,Payment to Credit Card,credit,NLABNA9606347579
TXN00864,-338.76,2024-08-18 23:25:05.808433,Albert Heijn Purchase,credit,NLINGB7120184504
TXN00865,261.94,2024-07-23 00:42:44.808433,T-Mobile Bill Payment,debit,NLABNA9798111585
TXN00866,176.15,2023-10-16 23:39:06.808433,Payment to Ziggo,credit,NLINGB8304546958
TXN00867,-466.84,2023-12-18 13:49:54.808433,T-Mobile Bill Payment,debit,NLINGB6799206879
TXN00868,107.55,2024-04-27 01:23:27.808433,Transfer to ING Account,credit,NLINGB4988444571
TXN00869,-493.14,2024-02-20 03:58:37.808433,Albert Heijn Purchase,debit,NLABNA5955267979
TXN00870,16.61,2024-05-13 13:40:03.808433,Rent Payment,debit,NLINGB3215323361
TXN00871,91.11,2024-03-05 14:41:39.808433,Netflix Subscription,credit,NLRABO1617489493
TXN00872,324.98,2023-11-04 04:54:48.808433,Bol.com Purchase,debit,NLINGB1642582551
TXN00873,-396.07,2024-01-17 07:17:26.808433,NS Train Ticket,debit,NLINGB1112075890
TXN00874,86.2,2023-10-27 19:45:18.808433,PayPal Transfer,debit,NLRABO6082987171
TXN00875,184.13,2023-10-08 15:03:13.808433,Eneco Energy Bill,credit,NLABNA8071974474
TXN00876,353.64,2024-07-19 13:40:13.808433,AH Online Groceries,debit,NLINGB1083264804
TXN00877,-362.52,2024-04-28 08:44:54.808433,Payment to Rabobank,credit,NLINGB1752523043
TXN00878,-306.09,2024-04-29 04:32:19.808433,Rent Payment,credit,NLRABO6843445143
TXN00879,-448.11,2023-12-07 02:30:19.808433,Municipal Tax Payment,credit,NLINGB5794345007
TXN00880,423.54,2024-02-05 04:16:02.808433,Salary from Employer,debit,NLABNA6238738846
TXN00881,103.96,2024-02-07 08:59:03.808433,Municipal Tax Payment,debit,NLINGB4836847814
TXN00882,-213.99,2024-06-01 23:28:38.808433,AH Online Groceries,debit,NLABNA7317430655
TXN00883,479.21,2023-09-08 18:02:21.808433,Payment to Rabobank,credit,NLABNA6869162319
TXN00884,-122.82,2024-07-26 20:40:42.808433,Payment to Ziggo,debit,NLINGB1942005320
TXN00885,-427.31,2024-03-15 11:43:09.808433,Payment to Ziggo,credit,NLINGB2290022527
TXN00886,-420.85,2023-12-05 15:08:38.808433,AH Online Groceries,debit,NLINGB9229900390
TXN00887,-348.51,2024-01-20 13:00:46.808433,Geldmaat ATM Withdrawal,credit,NLINGB1582992217
TXN00888,-170.99,2023-10-11 02:04:23.808433,Tax Refund,credit,NLRABO9910609184
TXN00889,-244.71,2023-08-29 05:47:34.808433,Albert Heijn Purchase,credit,NLRABO2667548106
TXN00890,104.56,2024-07-19 19:15:00.808433,NS Train Ticket,credit,NLINGB6608116460
TXN00891,449.87,2023-10-27 00:01:48.808433,T-Mobile Bill Payment,debit,NLRABO4128683863
TXN00892,12.73,2023-11-10 00:06:23.808433,Payment to Credit Card,debit,NLABNA8776006115
TXN00893,274.8,2023-09-04 18:41:36.808433,Transfer to ING Account,credit,NLABNA9011643819
TXN00894,-316.55,2023-11-17 01:28:56.808433,iDEAL Payment,debit,NLABNA6136250468
TXN00895,178.41,2024-03-14 15:17:56.808433,Albert Heijn Purchase,credit,NLRABO3238027727
TXN00896,407.2,2023-09-18 04:23:53.808433,Albert Heijn Purchase,debit,NLRABO9991488071
TXN00897,-313.4,2023-12-09 15:44:48.808433,Payment to Rabobank,credit,NLINGB3689431287
TXN00898,-278.51,2024-04-22 00:47:49.808433,Bol.com Purchase,credit,NLRABO7275198765
TXN00899,498.96,2024-03-01 09:56:03.808433,Geldmaat ATM Withdrawal,credit,NLRABO1426303105
TXN00900,-198.32,2024-07-08 04:21:49.808433,PayPal Transfer,debit,NLINGB1558175652
TXN00901,382.76,2024-04-14 08:41:45.808433,iDEAL Payment,debit,NLINGB5717387542
TXN00902,-151.81,2023-12-29 06:37:24.808433,Payment to Rabobank,credit,NLABNA3186459686
TXN00903,314.13,2023-10-15 22:15:40.808433,Albert Heijn Purchase,credit,NLRABO2918005859
TXN00904,-406.25,2023-09-17 18:26:08.808433,Payment to Rabobank,credit,NLABNA2901592026
TXN00905,-142.58,2024-06-30 18:20:41.808433,Albert Heijn Purchase,credit,NLINGB9255589366
TXN00906,314.19,2023-12-08 20:48:48.808433,PayPal Transfer,debit,NLABNA1191556225
TXN00907,383.71,2023-12-30 19:32:21.808433,NS Train Ticket,credit,NLABNA1681205615
TXN00908,193.54,2024-01-08 09:29:26.808433,T-Mobile Bill Payment,credit,NLABNA3479402863
TXN00909,-290.6,2023-10-22 20:41:09.808433,iDEAL Payment,credit,NLRABO4976716482
TXN00910,-291.45,2023-08-28 20:36:24.808433,Transfer to ING Account,credit,NLRABO7804675788
TXN00911,-59.03,2024-07-02 01:24:38.808433,iDEAL Payment,credit,NLRABO4324646106
TXN00912,364.65,2024-01-15 11:24:14.808433,Bunq Transfer,credit,NLRABO6005873521
TXN00913,-394.67,2024-01-15 03:23:35.808433,Payment to Credit Card,debit,NLRABO1759324108
TXN00914,-361.87,2024-02-13 03:48:01.808433,Netflix Subscription,credit,NLABNA1802692218
TXN00915,-311.37,2024-02-26 12:19:05.808433,Eneco Energy Bill,debit,NLRABO1441483499
TXN00916,121.5,2024-01-30 22:43:38.808433,Rent Payment,debit,NLINGB8110669850
TXN00917,491.78,2024-07-28 07:07:50.808433,Payment to Rabobank,debit,NLABNA4191344110
TXN00918,-418.69,2024-06-05 01:37:58.808433,iDEAL Payment,debit,NLRABO9252897335
TXN00919,-260.04,2024-02-13 02:42:31.808433,PayPal Transfer,debit,NLRABO5415955844
TXN00920,486.9,2023-10-20 03:17:39.808433,Eneco Energy Bill,debit,NLRABO5539274426
TXN00921,495.81,2024-04-17 10:52:50.808433,Netflix Subscription,credit,NLINGB2610306544
TXN00922,-182.92,2024-07-25 22:14:59.808433,Payment to Rabobank,credit,NLRABO2166846960
TXN00923,256.16,2023-11-05 02:10:23.808433,Bunq Transfer,debit,NLINGB1842632464
TXN00924,-432.45,2023-10-22 18:49:32.808433,Eneco Energy Bill,credit,NLABNA9742232462
TXN00925,315.55,2023-11-20 19:58:33.808433,Payment to Rabobank,credit,NLRABO8422364028
TXN00926,-134.14,2023-09-10 20:50:09.808433,Transfer to ING Account,credit,NLABNA3639279668
TXN00927,-281.54,2023-12-28 02:05:03.808433,Payment to Rabobank,credit,NLINGB5006425723
TXN00928,469.8,2024-06-18 00:30:05.808433,Geldmaat ATM Withdrawal,debit,NLRABO2919191899
TXN00929,-9.34,2023-09-19 14:08:06.808433,Rent Payment,credit,NLABNA1082214718
TXN00930,-111.19,2024-06-07 15:49:49.808433,Car Lease Payment,credit,NLRABO8736563870
TXN00931,52.72,2024-02-03 07:51:11.808433,Rent Payment,debit,NLINGB3837074261
TXN00932,-146.68,2024-03-13 18:30:57.808433,Rent Payment,debit,NLABNA3944163919
TXN00933,-135.08,2023-11-09 10:20:46.808433,Transfer to ING Account,debit,NLRABO9345171842
TXN00934,-26.69,2024-03-21 21:13:19.808433,Bol.com Purchase,credit,NLRABO4393281631
TXN00935,346.75,2023-12-15 08:11:15.808433,Geldmaat ATM Withdrawal,debit,NLRABO4428583143
TXN00936,154.32,2023-11-17 15:49:12.808433,Tax Refund,credit,NLABNA1522489897
TXN00937,174.94,2023-10-22 05:11:51.808433,Payment to Rabobank,debit,NLABNA9033175818
TXN00938,-425.87,2024-05-13 03:44:32.808433,Car Lease Payment,credit,NLABNA3108672059
TXN00939,-173.8,2024-06-21 15:08:33.808433,Rent Payment,debit,NLRABO6131779725
TXN00940,-232.68,2023-12-01 00:33:20.808433,Tax Refund,credit,NLINGB1455587724
TXN00941,106.99,2024-02-25 08:56:21.808433,Netflix Subscription,credit,NLRABO3616757309
TXN00942,41.24,2023-09-07 17:27:35.808433,Tax Refund,debit,NLABNA1699719969
TXN00943,-213.75,2023-12-17 01:14:55.808433,Eneco Energy Bill,debit,NLINGB9825697368
TXN00944,12.44,2024-02-01 09:35:38.808433,Albert Heijn Purchase,credit,NLRABO8078378733
TXN00945,-11.33,2023-10-22 05:15:59.808433,PayPal Transfer,debit,NLINGB4448497543
TXN00946,320.24,2024-01-22 20:35:29.808433,NS Train Ticket,debit,NLABNA6488706618
TXN00947,187.27,2024-06-22 18:07:13.808433,Tax Refund,debit,NLABNA1747643814
TXN00948,347.55,2023-09-28 06:32:16.808433,Payment to Credit Card,credit,NLABNA6816289472
TXN00949,-417.72,2024-04-22 15:04:04.808433,NS Train Ticket,credit,NLABNA8644277425
TXN00950,-290.3,2024-04-25 11:14:20.808433,Geldmaat ATM Withdrawal,debit,NLRABO8740553892
TXN00951,277.21,2024-07-23 12:23:51.808433,PayPal Transfer,debit,NLINGB4981045571
TXN00952,-192.48,2024-02-09 18:50:40.808433,Car Lease Payment,credit,NLABNA8173216358
TXN00953,232.1,2024-05-20 06:35:22.808433,PayPal Transfer,debit,NLINGB2886823891
TXN00954,336.11,2024-05-08 20:41:19.808433,Netflix Subscription,debit,NLABNA1061137309
TXN00955,-166.8,2024-06-17 19:33:33.808433,Municipal Tax Payment,debit,NLINGB9917942426
TXN00956,-490.75,2024-02-25 07:51:01.808433,NS Train Ticket,debit,NLRABO4614854507
TXN00957,-308.78,2024-08-10 15:47:19.808433,Payment to Credit Card,debit,NLRABO2250598888
TXN00958,243.1,2023-09-23 04:17:05.808433,Netflix Subscription,credit,NLABNA4497948491
TXN00959,-402.08,2024-07-09 22:18:26.808433,Rent Payment,credit,NLRABO4325458029
TXN00960,253.44,2024-05-07 08:22:17.808433,NS Train Ticket,debit,NLABNA7287565323
TXN00961,15.87,2024-04-21 15:40:05.808433,Car Lease Payment,debit,NLINGB8471585364
TXN00962,-442.63,2023-10-27 03:59:47.808433,AH Online Groceries,credit,NLABNA4050643687
TXN00963,101.18,2023-12-28 04:06:59.808433,Car Lease Payment,credit,NLINGB9395794727
TXN00964,-480.92,2023-10-27 01:08:25.808433,Bunq Transfer,credit,NLRABO6896458648
TXN00965,-234.98,2024-06-10 23:39:22.808433,Tax Refund,debit,NLABNA9624783630
TXN00966,-450.41,2023-09-09 15:55:25.808433,Albert Heijn Purchase,credit,NLABNA3513920479
TXN00967,462.93,2023-12-08 08:14:25.808433,Netflix Subscription,debit,NLINGB5538043126
TXN00968,283.6,2023-10-31 00:43:55.808433,Eneco Energy Bill,credit,NLINGB5882517389
TXN00969,-143.21,2023-12-29 06:53:20.808433,Tax Refund,debit,NLINGB6958893420
TXN00970,-158.93,2023-09-10 14:51:19.808433,Payment to Ziggo,credit,NLRABO4726762104
TXN00971,-112.18,2023-10-31 06:45:13.808433,NS Train Ticket,credit,NLRABO5583916291
TXN00972,142.3,2024-08-18 16:22:52.808433,PayPal Transfer,debit,NLINGB5896349683
TXN00973,384.93,2023-11-18 18:39:23.808433,Tax Refund,debit,NLINGB4505566353
TXN00974,-423.66,2024-07-22 07:48:10.808433,Car Lease Payment,credit,NLINGB6147135969
TXN00975,-70.01,2024-07-24 13:04:07.808433,iDEAL Payment,credit,NLABNA7108799005
TXN00976,-356.63,2023-10-10 16:21:11.808433,Payment to Credit Card,debit,NLABNA7402827501
TXN00977,253.13,2024-03-03 11:26:00.808433,Salary from Employer,debit,NLABNA2304730176
TXN00978,-4.58,2023-12-26 10:03:42.808433,Payment to Credit Card,debit,NLABNA6482087813
TXN00979,236.12,2023-09-06 04:16:23.808433,Transfer to ING Account,debit,NLRABO9331233731
TXN00980,-17.74,2023-10-28 09:47:44.808433,NS Train Ticket,debit,NLINGB1927142333
TXN00981,-89.98,2024-06-29 06:22:04.808433,Tax Refund,credit,NLABNA3149772069
TXN00982,278.47,2024-05-30 16:10:33.808433,Albert Heijn Purchase,debit,NLABNA9789552563
TXN00983,197.66,2023-12-18 12:41:32.808433,iDEAL Payment,credit,NLABNA1959290942
TXN00984,91.43,2024-01-10 00:27:43.808433,Payment to Ziggo,credit,NLABNA9765843979
TXN00985,363.96,2023-12-25 05:02:29.808433,NS Train Ticket,debit,NLRABO5907781562
TXN00986,-402.36,2024-01-07 03:18:45.808433,iDEAL Payment,debit,NLINGB2813095663
TXN00987,187.46,2024-03-24 20:23:33.808433,Municipal Tax Payment,credit,NLINGB5065594638
TXN00988,163.66,2024-08-20 16:27:39.808433,NS Train Ticket,credit,NLABNA6092718757
TXN00989,-337.13,2024-06-20 05:38:24.808433,Municipal Tax Payment,credit,NLINGB3938869744
TXN00990,152.82,2024-01-12 08:27:44.808433,Car Lease Payment,debit,NLINGB7524823437
TXN00991,333.73,2023-12-28 06:36:05.808433,Bol.com Purchase,credit,NLRABO1817374106
TXN00992,238.27,2023-12-08 06:49:34.808433,Payment to Rabobank,debit,NLRABO7800485128
TXN00993,139.65,2023-10-05 23:52:00.808433,Municipal Tax Payment,credit,NLRABO9110441947
TXN00994,-58.92,2024-05-18 02:15:48.808433,Municipal Tax Payment,debit,NLINGB5548948835
TXN00995,-377.58,2024-07-13 14:07:04.808433,Payment to Rabobank,debit,NLRABO5389896982
TXN00996,-24.3,2024-08-14 10:01:41.808433,Eneco Energy Bill,debit,NLINGB4532965841
TXN00997,-248.53,2023-11-22 05:50:40.808433,Albert Heijn Purchase,credit,NLRABO8998260839
TXN00998,191.35,2024-08-12 02:04:26.808433,Bunq Transfer,debit,NLABNA9624131052
TXN00999,103.46,2024-01-16 07:42:00.808433,Salary from Employer,debit,NLRABO3503696807
TXN01000,228.64,2024-06-03 12:32:41.808433,Municipal Tax Payment,credit,NLRABO4885293159
